0,10_print_bot
1,11_11_bot
2,12hrISBNJPEG
3,15kPhrases
4,1800greatbot
5,1800sOzPublican
6,1900badsext
7,1f44f_bot
8,1fois1000
9,2blessed_exe
10,2offbeat2tweet
11,2PrincesDrafts
12,3Stoppages
13,4myrealfriends
14,4X_Bot
15,500dollarwords
16,50hexofgrey
17,575on
18,5adaybot
19,5oclockbot
20,5point9billion
21,5X5poems
22,8008bot
23,a10n_bot
24,a2b_bot
25,abby_ebooks
26,ablankblank
27,ABotOfIceNFire
28,AbyssGazingBot
29,AccidentallyBot
30,AcerolaVc_BOT
31,ActionFilmQuote
32,AdNauseosity
33,AdvSettings_
34,AeltesterMensch
35,aero_planes
36,affectivelabour
37,af_diff
38,ahouseofdust
39,akari_daisuki
40,akitaneruneru
41,Alain_de_Botnet
42,album_drop_bot
43,AlexHamilbot
44,AlignmentBot
45,AllBotAndNoPlay
46,allnothings
47,allyourbasebot
48,all_in_cards
49,all_i_crave_bot
50,all_my_roles
51,all_the_gods
52,almond_ebooks
53,almostamends
54,aLonelyProject
55,Alph_crow
56,amazon
57,AmericanExpress
58,AmexOffers
59,amore_explainer
60,anagnorisis_ts
61,AnagramBot
62,anappleadaybot
63,AndNowImagine
64,andrewhuangbot
65,AndroidDev
66,AndromedaBot
67,anew_bot
68,animal_tech_cop
69,antainbot
70,antiphilosophy
71,AppleRumoursBot
72,aqueerbestiary
73,ArabischBot
74,arbitrarynames
75,archillinks
76,Arcueid_bot
77,ARealRiver
78,arenaziscoolyet
79,argent_meister
80,arguetron
81,arniecommentary
82,arslongvitabrev
83,artassignbot
84,ArtBrowsing
85,artideabot
86,artideasbot
87,ArtListsBot
88,ashesbot
89,asoiafcharbot
90,assignments_txt
91,astranauseam
92,AstronautKatze
93,AteneumBot
94,atinyzoo
95,Attibot
96,AussieParlEdits
97,autoblake
98,AutoCharts
99,autocompletejok
100,autocompleterap
101,autocomplete_rt
102,autodoyle
103,AutoElse
104,autoflaneur
105,AutomataWinery
106,automatic_spice
107,AutoMinimalist
108,AutoNetflix
109,AutoUBIAdovcate
110,AU_Prompts
111,average_plant
112,Avocado_bot
113,AwfulEmoji
114,AznPlace
115,azusabot
116,a_lovely_cloud
117,a_photo_with
118,a_quilt_bot
119,a_travel_bot
120,B891_
121,BaanaCounter
122,BadHoroscopeBot
123,BadIdeaBot
124,badpizzabot
125,bad_chessboard
126,bad_comedy_exe
127,baldesorry
128,bandname_exe
129,bankedits
130,barricade_bot
131,BarsBot
132,bauhausbothaus
133,bbbbbbbbbbbaka
134,BBCBreaking
135,bbgblossoms
136,BeachbumBotty
137,beakeringnews
138,beastwars_bot
139,BelievableAlias
140,bemorebotdog
141,BenghaziWord
142,benjaminbotbot
143,bestisthered
144,bestofbothbots
145,BestOfRHP
146,BestOfTheBots
147,best_of_HP
148,bethebot
149,bettertrumplogo
150,bewithyoubot
151,BiffySays
152,BigMacinbot
153,bigoldtweets
154,big_ben_clock
155,bijan_ebooks
156,BILD_Komposita
157,bitcoinadvice
158,BitcoinSpreads
159,bitsofpluto
160,bizbot
161,BlackBoughBot
162,BlagueEnKit
163,blahfuture
164,blessthisdoobie
165,BletchleyRoll
166,blkchninstitute
167,BloomSays
168,BloubBloubBloub
169,bluenotebot
170,BMovieGenerator
171,BoatNameBot
172,BoazimBot
173,bobbotalks
174,bobbo_bot
175,BobotTheBot
176,BodegaBot
177,bon_appetiny
178,BookImages
179,book_titles_bot
180,BOT20130429
181,botacokewith
182,BotAnnunciation
183,botaphor
184,botblique
185,botbot_8
186,BotCanCook
187,BotCarrion
188,BotComplex
189,BotDuCul
190,botechre
191,botfoundahaiku
192,Botgle
193,BotgleArtist
194,BotgleStats
195,botgyver
196,botilius_syrus
197,botinthestreet
198,botknock
199,botmakingart
200,botsalreadyhere
201,botsbackintown
202,BotSchmot
203,botsmellslike
204,botsrcool
205,Botston
206,bottertots
207,bottest_takes
208,BottingtonTwit
209,BottishRail
210,bottyhorror
211,botty_mcbotface
212,BotVaizey
213,bot_bites_bob
214,bot_dreams
215,Bot_in_World
216,bot_marley
217,bot_misaka
218,bot_pharma
219,bot_teleport
220,bot_the_dickens
221,bot_world_order
222,bot_yukari
223,BoubaKikiBot
224,BoundlessWaves
225,bouquetbot
226,boy2bot
227,boys_r_back_exe
228,BPEarth
229,br0k3nw0rld
230,BracketMemeBot
231,BraffPatterns
232,brainchatbot
233,BrainTendencies
234,brandnewplanet
235,brandnewstudies
236,BretBaier
237,BrexitMeansBot
238,BritJobs
239,broadsheetwatch
240,broccoli_bot
241,brokenpatterns
242,broyalebot
243,BrutalistEngine
244,brutal_exe
245,bublbobl_ebooks
246,Bumblebee_TFA
247,buoypix
248,burgervangelist
249,BurmaBot
250,burritopatents
251,businesswordbot
252,butnoemoji
253,butt_things
254,butwithguns
255,BUTYOURSELF
256,BuzzFiendNews
257,by8_bot
258,ByGodKingGeorge
259,cabin_woods_bot
260,CachedCookies
261,CadaParcela
262,cait_bot
263,CallecitasBsAs
264,CallecitasBsAs2
265,calloutbot
266,CambervilleRE
267,CAM_Bot_RA
268,cant_miss_it
269,carin_ebooks
270,carriercomm_git
271,carrot_peelbot
272,Cartman_jp
273,caseyisreading
274,catboys_bot
275,catgirls_bot
276,cat_in_field
277,cat_namer
278,ca_props_exe
279,cc_diff
280,Cecinestpas_exe
281,celobruti
282,censusAmericans
283,centoverheard
284,CeQuiNeMeBotPas
285,CestEnBuchant
286,chatbotmeup
287,chatmundo
288,CheapQuickIdeas
289,CheapSpaceNine
290,checklist_dat
291,check_o_tron
292,chengr28
293,ChessBotBlack
294,ChessBotWhite
295,childmannetwork
296,ChildSeparation
297,choochoobot
298,ChopperMemeBot
299,ChromiumDev
300,chronomoteuse
301,CIA_TXT
302,CiberOvejas
303,ciphersext
304,citrys_bot
305,cityatnightbot
306,civ5_jobs
307,clapping_bot
308,classifybot
309,cleromancer
310,CleverlyBotted
311,clickblaster
312,ClickForMeaning
313,Clipart1994bot
314,ClipArtBot
315,clitoscope
316,CloserToGeorge6
317,CloserToMoon
318,cloudplug
319,CloudyConway
320,clove_ebooks
321,ClueBot1k
322,cl_diff
323,CNNyourmom
324,CODEC_BOT
325,coldteabot
326,coledubs_ebooks
327,colinsbearanim
328,colorisebot
329,colormaton
330,colorschemez
331,Colourjams
332,columnistos
333,CombinationBot
334,comemelostacos
335,comethrubot
336,ComicsPitcher
337,commandlinefu
338,CommonsBot
339,Comparobot
340,ConceptNetPoet
341,condizioneumana
342,CongoRT
343,congressedits
344,contingencymsgs
345,cookerybot
346,coolbot420
347,CoolBoxArt
348,cooldatingtips
349,CoolMetalBands
350,cooperhewittbot
351,corman_o_matic
352,CornellMovieQs
353,corporabrackets
354,CorporateVerbs
355,corruptum
356,cosbot1
357,CoverSuggestBot
358,cqcarrot_ebooks
359,cqrose_ebooks
360,CraymojiBot
361,CrayonPressSec
362,creativitybot
363,CreatureList
364,CrimeShowBot
365,Criterion
366,CrookedCosmos
367,crossddestinies
368,crossoverhell
369,crossword_regex
370,crowcourt_bot
371,crypt_zones
372,cr_pokey
373,cr_snake_bacon
374,cr_wookie
375,CSPANFive
376,CspanRAW
377,CTRL_ALT_DIM
378,ct_races
379,cuco_ebooks
380,CucuBot
381,CurtinLibBot
382,CutePetsDenver
383,cuties_bot
384,cutup_bot
385,CyberEveryword
386,cyberprefixer
387,CyberPrefixerAU
388,CyberTaters
389,cyber_spiders
390,CyborgScreams
391,cymrogav_ebooks
392,cynosure_txt
393,dab2dad
394,DadaLimericks
395,dad_libs
396,daidainaru_bot
397,dailymoist
398,dailypatent
399,daily_wah
400,daily_zombo
401,dang_o_matic
402,dannydyerbot
403,dantsyroboto
404,dariusbots
405,darndesttruisms
406,data2dada
407,DATAM0SHER
408,dataphors
409,dateinfo
410,dateinfo_de
411,dateinfo_es
412,DateInfo_FR
413,dateinfo_nl
414,DavebotBarry
415,DaysServedBy45
416,day_of_robots
417,dbaker_bat
418,DeathBot3000
419,DeathByWiki
420,deathcab_ebooks
421,DeathMedieval
422,deathmtn_eboox
423,decompositorbot
424,dedbullets
425,deepdubbs
426,deepquestionbot
427,DeepSpaceProbe
428,DeepThoughtBot1
429,deleuzebot
430,DeleuzeGuattari
431,Delphinyumu
432,demakebot
433,DemoliendoBA
434,denckring
435,DependsUponBot
436,Desert_Lyfe
437,deshumani
438,desires_exe
439,Deutsch_Falsch
440,DeuxTitres
441,DevsIKnow
442,Diadiadiabot
443,Diaeresis_OTPs
444,diarybrian
445,dictionarish
446,differencebot
447,digidreamdevice
448,dirtyunix_bot
449,disapp_ebooks
450,discordianquote
451,DistractedGenie
452,DistractionBot
453,dnlrhn
454,dntsqzthtpbt
455,documenta_ads
456,dogsdoingthings
457,dog_checker
458,dog_verb_dog
459,dokidokiporo
460,dontButDo
461,Doodlybot
462,DoSomethingBot
463,DosTitulos
464,Dota2HeroGossip
465,DOTHINGSBOT
466,DPLAbot
467,dramaticjingle
468,Dramatic_Sting
469,drbotmd
470,dreamhaver
471,drilisstrange
472,drillify_exe
473,dril_ebooks
474,drow_yreve
475,dscovr_epic
476,dsmessagebot
477,dsn_status
478,DsruptEveryWord
479,dumatext
480,dumpmon
481,dungeonsndildos
482,dungeon_junk
483,DUNSONnDRAGGAN
484,dust_ebooks
485,dust_exe
486,DwarvenPorn
487,dxx_hxxx
488,eachtown
489,earthquakeBot
490,earthquakesLA
491,earthquakesSF
492,EarthRoverBot
493,EatenBot
494,Ebook_Compilers
495,EctoHime
496,edent_car
497,EffDonaldTrump
498,eggeggeggbot
499,eggpunbot
500,eigotan
501,ELC3bot
502,elderadvice
503,ElectroGoat
504,elquijote1605
505,EmergencyPipou
506,emerson_ebooks
507,emilyvanderbot
508,EmojiAquarium
509,emojiatlas
510,emojidoll
511,emojidreams
512,emojifart
513,Emojiforest
514,EmojiHaskell
515,emojiidioms_txt
516,emojipotus
517,emojitoemoji
518,emoji_horoscope
519,emoji_pizzas
520,emotebot
521,endingsummary
522,EndlessAnimeOP
523,end_world_bot
524,Epic_o_matic
525,episodeeight
526,EquestrianBot
527,eternal_sept
528,EuphemismBot
529,EuropeanaBot
530,evcon_ebooks
531,eventhenotion
532,Every3Minutes
533,everyadage
534,everyailment
535,everyarabicword
536,EveryBookBot
537,everybotsummit
538,everybrendan
539,everycolorbot
540,everycyclopedia
541,EveryFinnishNo
542,everyfullmetal
543,everygothcolor
544,everylotla
545,everylotnyc
546,EveryMetalWord
547,EveryNato
548,everyonesai
549,everyonesathing
550,everyorb
551,everypocalypse
552,everyportnumber
553,everypunk
554,EveryReversal
555,everyshenanigan
556,EverySheriff
557,everysimile
558,everysnake
559,everysquidword
560,everysubrick
561,everytubby
562,everyumlaut
563,everyunicode
564,everyvapour
565,everywikt
566,everywitchword
567,everywordcup
568,everywordNYT
569,everywourd
570,every_moji
571,evryshadeofgray
572,exemplarybird
573,ExoPalettes
574,Exosaurs
575,ExpandingBot
576,exploring_link
577,extracapitalism
578,EX_BAD_EBOOKS
579,eyeemojieye
580,ezmybooks
581,factbot1
582,FactBotCarrot
583,FactBotRutabaga
584,FailureIsOK
585,FakebookFactory
586,fakeChick_fil_A
587,fakefantas
588,fakepeoplebot
589,Fakespearean
590,fall_ebooks
591,famousduos
592,fantasticvocab
593,fantasy_florist
594,FAQGenerator
595,FartingEmoji
596,fascists_exe
597,fatherpuns
598,favibot
599,FavThingsBot
600,FBIbot
601,feelingoldbot
602,feelings_js
603,fefisms
604,FellasBot
605,FermiPasteladox
606,feud_exe
607,FilmRebootIdeas
608,FinalFantasyTxt
609,finnishpop
610,firefox
611,fire_and_bots
612,fishyglyph
613,FixmeBot
614,flowerscatalog
615,FoleyArtists
616,foodsubstitutes
617,forsalenever
618,FortuitusCookie
619,fotdbot
620,FPAdventuresBot
621,FrancisGrose
622,FreedomBot
623,Freeing_Bot
624,freemindbot
625,freezeframebot
626,free_facts
627,FremontCanyonOC
628,french_txt
629,frequently_used
630,FriendsEbooks
631,fruBlom_o_mat
632,FruitNames
633,fuckingbard
634,FuckYeahIrony
635,FUCK_FUUUUCK
636,fullmetaliberty
637,full_of_eels
638,functionalemoji
639,funkbot_5000
640,furrytherapist
641,future_junk
642,futuristbot
643,f__lb_tt_r
644,GalacticFood
645,gallardowisdom
646,gallet_city
647,GameDesign101
648,gameideamachine
649,GameQABot
650,GamesMemes
651,gamestoriesbot
652,gardelbot
653,GardensBritish
654,GARFIELD_ZONE
655,garma_bot
656,garrett_ebooks
657,GCatPix
658,gccaedits
659,genderslogans
660,GenPosh
661,GenreMasher
662,getaphrase
663,gettophilosophy
664,ghostsngoats
665,ghost_kfan
666,ghost_things
667,ghost___cat
668,GIFmodel_ebooks
669,GIFs
670,giftbasketsbot
671,GilgameshTweets
672,girlareyoubot
673,giroro_bot
674,gitlost
675,GLaDOSBOT
676,GlasgowMakes
677,glemte_konger
678,GlitchLogos
679,GlitchTVBot
680,glossatory
681,glyphnotfound
682,gnaikah
683,godhandbot
684,godtributes
685,goldenratiobot
686,goodbrandposts
687,GoodDayFolks
688,goodwordsbot
689,gophealthplan
690,goscavengerhunt
691,GothsFake
692,goties_bot
693,gov2dotOH
694,grannyheartsyou
695,GraphicScoreBot
696,gravi_tas
697,great78project
698,greatartbot
699,Greenlight_Game
700,green_idea_bot
701,gridgenerator
702,grimlocations
703,grr_bot
704,grumpyoldbot
705,gunshowtickets
706,gutenboy2bot
707,gutendelight
708,gutenquestions
709,gutenquiz
710,guwan_aisamanra
711,habitantesar
712,Hagrid_Says
713,HaikuD2
714,haikumurakami
715,haikusokuhou
716,haikuthegibson
717,Haiku_by_Robot
718,hail_ants_bot
719,hail_the_orb
720,ham4bot
721,HamiltunesBot
722,Hammercharm
723,hapaxhegemon
724,happened_today
725,happymoonbot
726,happy_botday
727,hardlyworkingor
728,HarryPouterBook
729,hashfacade
730,haters_improved
731,HBO
732,headsandwings
733,head_2_keyboard
734,heelersbot
735,heero_01
736,hellishbats
737,hellooooonewman
738,helpsotron
739,HereAreSomeQs
740,HeroGraveyard
741,hexaptychs
742,HexEd_G4
743,HexReview
744,HGebooks
745,hibikiikohaku
746,hijiki310
747,himawari8bot
748,hinoarashi_bot
749,hintline
750,hitagicrab07
751,Hitch_Haiku
752,HNTitles
753,holidaybot4000
754,HolyIdiomBatman
755,HomeMoviesBot
756,Homestar_ebooks
757,HonSpeakerBot
758,HoroscopeBot
759,HORRORmanga_bot
760,Horse_estakes
761,horse_hyde
762,horse_overflow
763,hotdogstand4eva
764,HottestStartups
765,HottestUnicorns
766,HouseBudgets
767,howdareubotwme
768,howitsmadeup
769,howmanybigmacs
770,howtodoesthing
771,howxisthatybot
772,hulk_verb_bot
773,HwaetBot
774,hydratebot
775,hypem_charts
776,HypernymBot
777,hypnoticwords
778,IAmABotAMA
779,IAM_SHAKESPEARE
780,ib_diff
781,icetsvu
782,icouldswear
783,idiom_o_matic
784,ie6bot
785,ifurfeeling
786,ilikelikeilike
787,illegalgt
788,illustrated_me
789,ilovethisbot
790,ImagesDArtBot
791,image_judgment
792,imaginedcaption
793,IMG2ASCII
794,ImmortalMasters
795,improvebot
796,inadarkdungeon
797,infinitecalend
798,infinitedeserts
799,infinite_bees
800,infinite_scream
801,iniaes
802,instruction_bot
803,InstrumentBot
804,intelligentHAL
805,intensificator
806,in_a_dust_cloud
807,Isit2015_YET
808,issa_haiku
809,isthisska_bot
810,isyourchild
811,ItCantFail
812,ItIsYourData
813,itsaclock
814,itsavailable
815,ItsBotOClock
816,ItsGonnaRainSEA
817,ItsTheXFriends
818,its_heathcliff
819,iwontbot
820,i_bookshelf
821,I_Find_Planets
822,jabes_ebooks
823,jamie_exe
824,JaneAustenHaiku
825,janusnode
826,JenjangBot
827,jerkomatic
828,jessifer_ebooks
829,JeuDuDicoBot
830,JEveryword
831,jHYtseBot
832,jifbot
833,Jinno_Bot
834,JJNNRVVBJJNN
835,JJUrbanExplorer
836,JohnnyBotten
837,John_Cage_Bot
838,jojogaobot
839,JojoStands
840,jokingcomputer
841,JourneyEbooks
842,joyofalchemy
843,JoyOfBotRoss
844,JPEGBot
845,jungianbot
846,junjou_bot
847,justdidathing
848,JustDiedBot
849,JustToSayBot
850,kaiji_itou
851,kaiju_o_matic
852,kaikkisanat
853,kaimiku23
854,KAISHIDEN_bot
855,kaiware_bot
856,Kaleidopix
857,kaleid_o_bot
858,KannManVerben
859,Kaputtmachbot
860,KarlMarxovChain
861,kars_bot
862,Kasparbot
863,KatamariItems
864,katejinaloosbot
865,KathyTsukamoto
866,KayilaBot9000
867,KeepCalmBot
868,KhalidElAtweet
869,khgamegenerator
870,KiasmaBot
871,kiki_flies_exe
872,KimilsungismBot
873,KimKierkegaard
874,KingShitBot
875,kinoi_kun
876,KirkShouting
877,kishishiki_bot
878,klepekluvsanime
879,knguyen_ebooks
880,knightfcups
881,knuckletatbot
882,KoolhaasCheer
883,ks_totals
884,ktrey_
885,Kulturkomposita
886,Kyousai_K_bot
887,k_hyoudou
888,LACMAbot
889,lady_products
890,LandsatBot
891,lasersyriacum
892,lastlayeralgs
893,LastLineBot
894,LatourAndOrder
895,LatourBot
896,LaWildUK
897,leakbot5000
898,leftist_commute
899,legitvgcheats
900,LegoSpaceBot
901,leia_quotes
902,lemoooon_bot
903,lenenbot
904,Letasu_bot
905,lew_ebooks
906,lexiconjure
907,le_gen_da_ry
908,libraryofemoji
909,libraryofevery
910,libraryofvivec
911,licensemee
912,lifehackrbot
913,likeuberbut
914,limmy_jpg
915,lindenmoji
916,linkfinds
917,lists_of_lists
918,literaldevices
919,litpatches_txt
920,littlepileof
921,littletowns_bot
922,ln_diff
923,ln_title
924,ln_title_bot
925,lookingglasssab
926,LoremipsumBot
927,loss_emoji
928,LostTesla
929,louistherouxbot
930,lovehinaplots
931,loveletter_txt
932,loveschmovebot
933,lovetheseas
934,lowflyingrocks
935,lowkeyeveryword
936,Lowpolybot
937,LSystemBot
938,ltrlly_ebooks
939,luxe_products
940,lycanthrobot
941,m1sp1dea_ebooks
942,m1sp_ebooks
943,Made_A_Bot
944,MagicRealismBot
945,magic_aye
946,Majoras_Ebooks
947,makeacaketobake
948,makeamericabot
949,MakingInvisible
950,mammon_ebooks
951,MancOrchSays
952,manpagedujour
953,manygardens
954,manygradients
955,ManyJams
956,ManyShirts
957,man_products
958,MarkovChocolate
959,MarkovGuybrush
960,markovxcheney
961,marvelplots
962,MarvelUniverbs
963,marvin_boyer
964,MassageMcLuhan
965,mass_shoot_bot
966,math_nvgt
967,maurabot
968,mayfield_ebooks
969,mayumidaihuku
970,mcc_ebooks
971,md5everyword
972,MedalOfDutyBot
973,MediaButSocial
974,mediagalleries
975,medibotitate
976,medrobot
977,MelbGameCo
978,memberfacts
979,MemeIntoTheIris
980,memorypoem
981,MeNakedBot
982,menubot
983,MeowBot
984,mermaidbot
985,metadata_haikus
986,metalband_exe
987,MetaphorMagnet
988,metaphorminute
989,MetaphorMirror
990,metroid_ebabies
991,metropologeny
992,me_irl_bot
993,mfw_sh
994,MGR_LYRICS
995,miartbot
996,MidEastHistory
997,mididittyBOT
998,miku_1226
999,MillennialKills
1000,Milliardo_bot
1001,milton_bot
1002,mindful_bot
1003,minecraftebooks
1004,MinecraftSigns
1005,miniaturemazes
1006,minimonsterclub
1007,minorscouts
1008,mint
1009,miobot
1010,MiraculousPics
1011,misinfonewsfeed
1012,mispeleveryword
1013,mister_ebooks
1014,mitchhedbot
1015,mitsurugi_bot
1016,MixedUpHipHop
1017,mixed_reactions
1018,mixtape_o_matic
1019,mnba_bot
1020,moa_bot
1021,MobyDickatSea
1022,modernart_exe
1023,modern_quenta
1024,molecular_bot
1025,Momogami_hakutO
1026,monkeydluffybot
1027,monstersubtypes
1028,moonshotbot
1029,morecritthanyou
1030,mothgenerator
1031,MountainKilwala
1032,movementsbot
1033,MovieMemeBot
1034,movmash
1035,moyasi_bot
1036,Mozzer_bot
1037,mr_burns_bot
1038,MSFTPatentBot
1039,mstea_ebooks
1040,muffin_exe_sta
1041,MultiMedBot
1042,MuseoCerralbo
1043,museum_things
1044,MusicmakerBot
1045,MusicReviewBot
1046,mydogsgotno
1047,MythologyBot
1048,MythologyButt
1049,MyTruLuvSent2Me
1050,NaBoMaMoDoo
1051,nagi324_bot
1052,nailpolishbot
1053,NaiveQuestions
1054,namedlevels
1055,nameformer
1056,NaMoGenBo
1057,nancy_ebooks
1058,NapsterFinds
1059,naruhodou_bot
1060,nautilus_ebooks
1061,naxuu_ebooks
1062,NaXXXXMo
1063,ndlbot
1064,needsref
1065,neeed2know
1066,negatendo_ebook
1067,neighbour_civs
1068,NeonaziWallets
1069,neoplastibot
1070,NerdGarbageBot
1071,nesrom_ebooks
1072,nestiles
1073,netflixtaglines
1074,NeuralFolk
1075,nevereveryword
1076,neverwords
1077,NewBorderBallad
1078,newspaceopera
1079,newspaperbot
1080,NewThunderwords
1081,newvideogamebot
1082,niantic_advice
1083,NicCagePlotBot
1084,NiceStatistics
1085,nice_nice_bot
1086,NierDeath
1087,nightsky_bot
1088,ninja_things
1089,NiteAlps
1090,NixieBot
1091,nk_ebooks
1092,nk_markov
1093,NoBotsSky
1094,nocontexttgp
1095,nodnarbbb
1096,nodokabot
1097,NoEmojiForThis
1098,noheartnobrain
1099,noitsnotnormal
1100,NomDeTaSextape
1101,nondenotative
1102,Nonlogy
1103,nonogram_bot
1104,nope_nooope
1105,NoraReedEbooks
1106,norareedprivate
1107,NorseSagaBot
1108,nosegoobot
1109,NoSoundex
1110,not5oclock_bot
1111,notarobotatall
1112,notasandwichbot
1113,notfeelingevery
1114,notruescotsbot
1115,NotXbut
1116,NoveParole
1117,NRA_Tally
1118,NSA_PRISMbot
1119,NYChickens
1120,NYPLEmoji
1121,NYPLphotobot
1122,NYPLpostcards
1123,NYTMinusContext
1124,nyt_diff
1125,ObamaDynasty
1126,object82
1127,objectsobjects
1128,ObliqueBot
1129,obliquestions
1130,oka_dangomusi
1131,oldschoolflyers
1132,oliawgyllis
1133,OMG_wikipedia
1134,OminousStudies
1135,ominouswhoosh
1136,OminousZoom
1137,OnceInALifeBot
1138,onebitpoems
1139,oneiropoiesis
1140,OneWordSFWthr
1141,one_small_bot
1142,onholdwith
1143,only_a_comment
1144,onobatopoeia
1145,on_this_day_bot
1146,OpenSourceFonts
1147,OpenSRSstatus
1148,OperationBot
1149,orbiting_a_star
1150,OrcCouture
1151,Orcwanker
1152,OrkneyVisit
1153,OrkneyWirds
1154,Orwellfutures
1155,osascomp
1156,OSHA_Fatality
1157,ourmagickfuture
1158,overspyke
1159,overwatchfanfic
1160,overwatch_exe
1161,owenpallettbot
1162,OwenPallettSwap
1163,o_twinsbot
1164,p12_diff
1165,pacman_poetry
1166,pancakesorwaffl
1167,papurika_bot
1168,ParentsWarnings
1169,parfait_ebooks
1170,parsextoto
1171,particlemanbot
1172,pastelhearted
1173,Pastel_G_King
1174,patents_bot
1175,patthef_ebooks
1176,pbta_agenda
1177,PDCutup
1178,PedanticMagick
1179,pelafina_lievre
1180,penguinandhouse
1181,people_aus
1182,pepitosfriend
1183,PepitoTheCat
1184,PerhapsMinstrel
1185,peridot_ebooks
1186,perlin_noise
1187,permitbot
1188,PERMUTANT
1189,personaIitea
1190,PetitGrimoire
1191,PetitSituations
1192,petitsmotifs
1193,phantomfunhouse
1194,pharmaduke3000
1195,phasechase
1196,pico8bot
1197,PierreMebot
1198,pikachaplin
1199,piment_bot
1200,pipika_bot
1201,pirate_things
1202,pira_ebooks
1203,pixelsorter
1204,pizzaclones
1205,pk2dna
1206,pkmnstatus
1207,pkmnvietnam_bot
1208,pkmn_bonsai
1209,plot_o_matic
1210,pls_take_breaks
1211,pls_take_care
1212,PluralFan
1213,poemography
1214,poem_exe
1215,pokecon_bot
1216,pokemon_ebooks
1217,pokemon_nypl
1218,pokepronouns
1219,polandball_bot
1220,poll_test
1221,polschwal
1222,pomological
1223,ponderthem
1224,pony_strategies
1225,PoorRapport
1226,popcutietxt
1227,porcadadiagrama
1228,porcadaimagen
1229,porcadapalabra
1230,porcadasonido
1231,porcelaindrive
1232,portrait_bot
1233,PotterPapers
1234,PowerVocabTweet
1235,Preacher_Bot
1236,PrefabFM
1237,presidentfury
1238,priedprejudice
1239,PrimitivePic
1240,PrinceOfAllBots
1241,prix_fixe_exe
1242,ProfJocular
1243,PROGRAMR_BAT
1244,Psicosociobot
1245,pumkinbot
1246,Pusheen
1247,pwjack_bot
1248,p_funk_bot
1249,quietscape
1250,QuittrBot
1251,quit_it_bot
1252,QVCbot
1253,RadicalThinkerz
1254,rainbowstylebot
1255,RandomBabel
1256,randombinarybot
1257,RandomChessBot
1258,RandomDistance
1259,randomeditation
1260,RandomGenGen
1261,random_nr
1262,random_places
1263,randweather_bot
1264,rapnamebot
1265,rasa_and_nena
1266,RaspzenBOT
1267,Rawr_Ebooks
1268,rcbot18
1269,realdinogenera
1270,RealFakeGoths
1271,RealHumanPraise
1272,reality_pitch
1273,realness_bot
1274,realNYCbot
1275,received_wisdom
1276,regene_bot
1277,regexicon
1278,regrettoegret
1279,RejectedDrinks
1280,RejectedPlague
1281,restartthevoid
1282,returnteatable
1283,RGB_Colours
1284,rhymingnoise
1285,rh_neukoelln
1286,RikerGoogling
1287,RiotRejects
1288,ritsubot_
1289,robojakesutton
1290,roboromance
1291,RobotLudlum
1292,robotrecipes
1293,Robo_ticc
1294,rodserlingzone
1295,RogerHelmer_txt
1296,romastrobot
1297,rom_txt
1298,RosesAreRedBot
1299,rourke_ebooks
1300,roverlapse
1301,rowletbot
1302,ro_bot_dylan
1303,rpgoptions
1304,RPPromptsBot
1305,RRAAAAARRL
1306,RTsFromSpace
1307,rtyoursupport
1308,RulesForTheDay
1309,rulesofcards
1310,rustminus
1311,R_Subreddit
1312,sadkeanubot
1313,Sakata__Gintoki
1314,sakumajiro_bot
1315,samene_cele
1316,samene_leca
1317,sansculotides
1318,SaraKateBot
1319,sargoth
1320,sargoth_ebooks
1321,sawakobot
1322,SAYLA_MASS
1323,scam_haiku
1324,SchmeichelBot
1325,sciencesuggests
1326,sealionme
1327,SeasonsCUMmings
1328,SeattlePDD2
1329,SeattlePDL3
1330,SeeHearPartyBot
1331,selfcarequeer
1332,selfportraitexe
1333,sextsbot
1334,Shadow_Bot_PKMN
1335,Shark_Girls
1336,shirayuki_s
1337,shiroubot
1338,shoretxt
1339,ShowdownBot
1340,showmepixels
1341,sickdunx
1342,SiemprePitbull
1343,silly_phrases
1344,SilverGamer_Bot
1345,silver_txt
1346,simonmonk2
1347,SimonSwears
1348,simpscreens
1349,SimpsonsQOTD
1350,SimSimi
1351,sincethisbot
1352,SinebrychoffBot
1353,sirbrianemo
1354,sittinginaroom
1355,sixshot_bot
1356,sixworderbot
1357,SixWordSale
1358,skellytron
1359,slammedinthebot
1360,slashdot
1361,slitscanner
1362,SLlaserwave_bot
1363,sloganotron
1364,slow_handclap
1365,slurpbot
1366,smileoutcryin
1367,smilevector
1368,Smokescreen_bot
1369,SmoothUnicode
1370,snailsnake
1371,snakepeople_bot
1372,snowcloneminute
1373,SnowthingGen
1374,socialist_media
1375,softlandscapes
1376,sofutoo
1377,soiqbot
1378,SolanasBot03
1379,solve_o_matic
1380,SombreroWatch
1381,SomeEndings
1382,SomeHonMembers
1383,songchoicebot
1384,SonicFullCast
1385,SortingBot
1386,souji_o_bot
1387,Soup4EverySoul
1388,SpaceJamCheck
1389,spacesh1ps
1390,spacetravelbot
1391,space_stories
1392,SPECIFICHULK
1393,speculativecash
1394,Speed_1994
1395,SPIEGELCaptions
1396,spiraesthetic
1397,SplainOMatic
1398,spongeythingz
1399,sponge_ebooks
1400,spotibot
1401,SpritesByPico
1402,SQL_Bot
1403,squeegeebot
1404,ssbmebooks
1405,starnearyou
1406,STARS_ebooks
1407,StarTrekTVBot
1408,StatFrancais
1409,StckMrktStatus
1410,SteamOdyssey
1411,SteelBallRatios
1412,StillTrump
1413,StockTwits
1414,stopandfrisk
1415,stoxticker
1416,streetsnsheets
1417,stretchybot
1418,str_voyage
1419,StudyShows_
1420,Stupidcounter
1421,styles_wondrous
1422,st_autopilot
1423,SubstitutionBot
1424,SuperMarioFact
1425,SVUFutureDrugs
1426,swdiscourse
1427,swearymcsweary
1428,SylverBot
1429,synaesthotron
1430,synthnamebot
1431,tachikoma_bot00
1432,TaggingBot
1433,Tainaka_satoshi
1434,tasty_bargains
1435,TatsIllustrated
1436,tcmk_bot
1437,TCOT_Gaming
1438,TeamMeanies
1439,tele_phone_
1440,Terfbot9000
1441,TermsofSbot
1442,terumi_bot
1443,TES_ItemsBot
1444,textbotbook
1445,TFLN
1446,Thales_o_matic
1447,thankyouyoyoyo
1448,theasciiartbot
1449,TheBotLebowski
1450,theclockworkbot
1451,TheCrabBot
1452,theDesireBot
1453,TheFeed_G4
1454,TheftFromMaster
1455,thefurriesare
1456,thegrugq_ebooks
1457,TheHigherDead
1458,thelazyDM
1459,thelockbot
1460,thematchbot
1461,thenewharperlee
1462,thenotoriousbot
1463,theonly2genders
1464,TheRiddlerBot
1465,ThesaurusGame
1466,theseraps
1467,TheSoundOfBot
1468,thetinygallery
1469,thewillthewisp
1470,TheYearofLuigi
1471,the_ephemerides
1472,the_hum_bot
1473,the__waves
1474,thinkpiecebot
1475,thinkyoullfind
1476,ThisDayInGB
1477,ThisSummerBot
1478,threatalertbot
1479,threat_update
1480,threedesert
1481,throwingpixels
1482,TicBot
1483,time4gametheory
1484,tinkertailorbot
1485,TinyAssistant
1486,tinycarebot
1487,TinyCrossword
1488,tinydotblot
1489,TinyDungeons
1490,TinyEnemyKrabbu
1491,tinyfridgerator
1492,tinyheavens
1493,tinyisles
1494,tinypoemgen
1495,TinyProtests
1496,TinyRainbowDash
1497,tinyrelations
1498,tinyskylines
1499,tinyspires
1500,tinyUFO
1501,tiny_astro_naut
1502,tiny_bus_stop
1503,tiny_cityscapes
1504,tiny_forests
1505,tiny_nutrition
1506,tiny_seas
1507,tiny_star_field
1508,tiny_system
1509,TLIconfession
1510,tmbotg
1511,TMobile
1512,tnypoetry
1513,tn_diff
1514,tn_title_bot
1515,tofu_product
1516,tonesabt
1517,TonightWeBot
1518,TopOfBots
1519,toufumomen
1520,TouretteBot
1521,tpeaksdiary
1522,transect575
1523,trianglify
1524,trippingbot
1525,TriviaBotNot
1526,troubled_bot
1527,TroveBot
1528,TroveNewsBot
1529,trump575
1530,TRUMP_Means_bot
1531,tshirtsbot
1532,tsriFseoGohW
1533,tsumugibot
1534,TumblrSimulator
1535,TuoZio
1536,TVCommentBot
1537,TVCrimeBot
1538,TVFaceBot
1539,TweetLikePrez
1540,twee_exe
1541,twistmeknickers
1542,TwitAA_bot
1543,TwoAcademPapers
1544,twoemoji
1545,twoemojicons
1546,TwoHeadlines
1547,Two_Headed_Coin
1548,two_yorkers
1549,t_966ko
1550,UberFactsEbooks
1551,UBERURSONATE
1552,uber_but_for
1553,UC_Poesias_Bot
1554,UFO_EXE
1555,ughbot
1556,uivsux
1557,UI_vs_UX
1558,UkiyoeBot
1559,UnBuey
1560,uncannyxbot
1561,UnCarnero
1562,unchartedatlas
1563,UncyBot
1564,UndeadMerchant
1565,unicode_birds
1566,Unicode_ebooks
1567,unicode_garbage
1568,unicode_garden
1569,unitsratio
1570,UnsureTrump
1571,UQFerry
1572,urbandictionary
1573,urbandictionery
1574,usinjuries
1575,usrdict_teen
1576,UssyBot
1577,UtahAirQuality
1578,utsurigi_bot
1579,V2FzaGluZ3Rvbg
1580,valid9tion
1581,valleyedits
1582,VanityScience
1583,vaporfave
1584,vectorpoem_txt
1585,veggie_elder
1586,vehkbot
1587,vennsplain
1588,VergleichBot
1589,VeryMetaFilter
1590,VeryOldTweets
1591,very_scared
1592,vex0rian_ebooks
1593,vg_erotica
1594,vice_is_bot
1595,VickyLewd_bot
1596,video_games_exe
1597,VileRumours
1598,Volken_bot
1599,vortidplenigilo
1600,vrbnounvrbnoun
1601,VzObservatory
1602,W8ed4Game
1603,warnedya
1604,was_es_ist
1605,wayback_exe
1606,WeatherDavidson
1607,weatherlies_bot
1608,WeBustedGhosts
1609,WeirdConvoBot
1610,weirdLilPeople
1611,weirdoceans
1612,WernerTwertzog
1613,we_didnt_start
1614,wfhbot
1615,wfs_autopilot
1616,whatismyquest
1617,WhatIsUpstateNY
1618,WhatsOnSteam
1619,whats_homestuck
1620,WhatTheBot
1621,What_Hastings
1622,what_now___
1623,wheressonicnow
1624,WhitmanFML
1625,whoisinspace
1626,WholesaleEbook
1627,WhoTrendedIT
1628,whyarentbot
1629,wigglebunch
1630,wikianswersbot
1631,wikibooksbot
1632,WikiCommonsBot
1633,WikiLiveMon
1634,wikipediabot
1635,wikipediabot_de
1636,wikipediabot_es
1637,wikipediabot_fr
1638,wikipediabot_nl
1639,wikiquestionbot
1640,WikiQuotesBot
1641,wikishoutouts
1642,WikiSourceBot
1643,wikispeciesbot
1644,wikiversitybot
1645,Wiki_Irrtum
1646,wiktionarybot
1647,wildflowersbot
1648,winampskins
1649,winkwinkbot
1650,winter_py
1651,winter_scapes
1652,WiseWrestlers
1653,WizardGenerator
1654,wizarding_names
1655,wizardis_ebooks
1656,Wizards_DnD
1657,wizard_people
1658,wolfproverbs
1659,wordchallenger
1660,word_fucker
1661,worldsofzzt
1662,worldsportsbot
1663,worse_chess
1664,worstvsworst
1665,WouldRatherBot
1666,wowsoportland
1667,WriteAssignBot
1668,wrongben
1669,WSJ
1670,wtfdickens
1671,wyrbot
1672,xion3e09a
1673,xxarchive
1674,xXReaper2002Xx
1675,xyisx_bot
1676,x_and_it_never
1677,x_in_everything
1678,yaelie_ebooks
1679,Yamasato_bot
1680,yanai_makotoBOT
1681,yayfrens
1682,YesYoureSexist
1683,YharnamNotes
1684,yodaism
1685,YouAreCarrying
1686,yougotamoon_bot
1687,YouLookNiceBot
1688,YouNeverDidThe
1689,yournewkink
1690,youtubeartifact
1691,you_have_died
1692,you_wouldnt_bot
1693,yowane_haku_bot
1694,yrwrong
1695,yuiazu
1696,yuibot_
1697,yukio_tonegawa
1698,Yuki_N_T
1699,zebrapedia
1700,zenos_twaradox
1701,_AnIntellectual
1702,_A_l_i_s_s_a_
1703,_bigbot
1704,_DJ_3000_
1705,_eleanorbot_
1706,_everybird_
1707,_grammar_
1708,_impossiblebird
1709,_ku_bot
1710,_OutToSea_
1711,_posibot
1712,_PPBot
1713,_primes_
1714,_RememberBot_
1715,_spell
1716,_statbot
1717,_sys_bot_
1718,_TheWalrusSaid
1719,_your_butt_
1720,__birds__
1721,__brobama__
1722,___said
1946,BBCBreaking
2240,DeleuzeGuattari
2493,greatartbot
3354,NSA_PRISMbot
3462,poem_exe
4117,YesYoureSexist
