	screen_name
0	@FakeHQ
1	@littlebubbot
2	@SpritesByBitsy
3	@SynonymSpectra
4	@window_scene
5	Cards Against White People
6	@yourwindowbot
7	@happyautomata
8	@Ro_Sham_Bot
9	@PrimitivePic
10	pollock.exe
11	@grow_slow
12	@latostadorabot
13	The Lesser Bot of Solomon
14	@cloudplug
15	@icanhazmemento
16	@goth_lyrics
17	@faketmglyrics
18	@BotConnectFour
19	@astrology_bot
20	@glitchdemon
21	@wavy_bgs
22	@DRyderNicknames
23	CWF_Forecast
24	@whatorderbooks
25	@pumpkinspiceit
26	@LionelIpsum
27	@EveryFeature
28	@UnicodeShowcase
29	@hometapingkills
30	@thosewhodgiveup
31	@folderisempty
32	@BRTLSTvsTRNGLFY
33	@fakefantas
34	@tv_sounds
35	@LibraryH
36	@theprintbot
37	@okay_campers
38	@__compy
39	@TwinPeaksBot
40	Year Progress
41	@Showdownbot
42	@WordsofMcCarthy
43	Weight Not, Want Not
44	140 Slam Dunk
45	@big_ben_clock
46	Advanced Settings
47	Arnie DVD Commentary
48	@arguetron
49	@archiveURL
50	@anywizard
51	@vox_plus
52	@256farben
53	@vox304
54	@_outtosea_
55	@transitingnow
56	@ManyShirts
57	@calm_gifs
58	@dayofweek_bot
59	@HomeMoviesBot
60	@FermiPasteladox
61	@smilevector
62	@emoji_pizzas
63	@botinthewoods
64	@shakyinsultbot
65	@getmorelikethis
66	@moviediversity
67	@trumpbans
68	@newzeldagamebot
69	@shakethatbrass2
70	@tweegeemee
71	@rightnowbbcr2
72	@rightnowbbcr1
73	@rightnow6music
74	@SkoolDetention
75	@relax__bot
76	@SandpileArtBot
77	@howmanybigmacs
78	@landofcontrasts
79	Genrenator
80	@trashcanlife
81	@arrrrdoubloons
82	@last100bills
83	@AppraisalBot
84	@galaxymarcopolo
85	@fadedfotos
86	@maybe_the_real
87	@yayknuckletats
88	@computerzooom
89	@trump_chemistry
90	@trianglify
91	@okcubot
92	@time4gametheory
93	@homevspublic
94	@sadkeanubot
95	@tendollarfive
96	@theasciiartbot
97	@coldteabot
98	@Littlelandscap2
99	@whatkilledme
100	@boggle_bot
101	@EmojiTetra
102	@birdbot4
103	@boatymcboatbot
104	@badphotoquality
105	@corporabrackets
106	@hallospacebot
107	@hypno__bot
108	@tinyspires
109	@theairplane_bot
110	@potus_in_parens
111	@a_painting_bot
112	@ArtConnoissueur
113	@catyoncee
114	@carb_bot
115	@robotarot
116	@OrbitOrbot
117	@endingsummary
118	@cool_cats
119	@gallet_city
120	@ASCIIGalaxy
121	@SpaceX_Takeoffs
122	FOIAfeed
123	@BracketMemeBot
124	@DumbHolidays
125	@deitygalaxy
126	Smash Hits Interview Bot
127	@an_entire_movie
128	@PrettyBirdsBot
129	@DeletedWiki
130	@bubble_bott
131	@Colourjams
132	@Datasaurs
133	@WhosThatPokebot
134	@DayFingrAuslan
135	@NiteAlps
136	@cityatnightbot
137	@goosebumpbot
138	@fremd_denken
139	78_bands
140	@cellAutobota
141	@beetlesbot
142	@HaikuNewsBot
143	@ConceptNetPoet
144	@StattoBot
145	@rip_wikibots
146	@tinygeom
147	@BContestants
148	@AmznTurkerHappy
149	@happyhappydb
150	@joinmycause
151	@relativeprices
152	@DaysTillFallBot
153	@lullabies_exe
154	@goTakeThis
155	@goldenhourSEA
156	@househaunters
157	@FakeAlertsBot
158	@EvenItBot
159	@some_new_cities
160	@cryptonamer
161	@NYT_first_said
162	@beerlabelbot
163	@weeks2christmas
164	@YourNextNick
165	@cavern_caravan
166	@Y_Under_YBot
167	@soulscroll1
168	@dmvisbot
169	@newspaperbot
170	@AntipodeBot
171	@GoodDogsOfNYC
172	@all_the_planets
173	@CrookedCosmos
174	@emojiMountain
175	CheapBits
176	@BostonSnowbot
177	@BingoBits
178	@BotCarrion
179	@BotReadsComics
180	@BotSchmot
181	@Botgle
182	@BrutalistEngine
183	@Cecinestpas_exe
184	@ChuckieNorrisie
185	@Clipart1994bot
186	@CutePicsBot
187	@AteneumBot
188	@ATBrokenNews
189	@BikeVeniceBot
190	@BikePortOfLABot
191	@CorbynHeadlines
192	@CutePetsDenver
193	@CutePetsBmore
194	@DailyDesiderata
195	@DatingSiteDream
196	@DearAssistant
197	@DeathMedieval
198	@DeepDreamThis
199	@DeepForger
200	@Deutsch_Falsch
201	@DeuxTitres
202	@Diaeresis_OTPs
203	@DitheredBot
204	@DoSomethingBot
205	@DogNamerBot
206	@ESBcolor
207	@EmergencyPipou
208	@EarthRoverBot
209	@EmojiAquarium
210	@EmojiAstro
211	@EmojiLoveBot
212	@EmojiMoodBot
213	@Emojiforest
214	@EveryFinnishNo
215	@EveryVimeoVideo
216	@FederalistBot
217	@FinnishFlags
218	@FireworksBot
219	@FixmeBot
220	@FlagFacts
221	@FortheRecordBot
222	@FrontPageBot
223	@GOT_a_theory
224	@GalaxyGenerator
225	@GenerateACat
226	@GitWishes
227	@GoOutsideBot
228	@Gobbobot
229	@GuybrushPirate
230	@HeadlineGifs
231	@HelCityNews
232	@HeroGraveyard
233	@HiRISEBot
234	@Hitch_Haiku
235	@HostosBot
236	@HundredZeros
237	@HypernymBot
238	@ImagesDArtBot
239	@IsReallyCute
240	@JPQuakeAlerts
241	@Kaleidopix
242	@KeplerBot
243	@LofiCloudBot
244	@LinkArchiver
245	@Lowpolybot
246	@MM_62_1234_14
247	@MMecharin
248	@MagicRealismBot
249	@MancOrchSays
250	@Mgk8BallBot
251	@MssdAdvntrs
252	@MuseumBot
253	@MysteriousElder
254	@NYChickens
255	@NewElementBot
256	@Introspectorbot
257	@KiasmaBot
258	@JustDiedBot
259	@JuliaSetBot
260	@JeffGoldblumbot
261	@JSLibGenerator
262	@NewHorizonsBot
263	@NoEmojiForThis
264	@NlProverbs
265	@SPACEBOT5000
266	@SVUFutureDrugs
267	@SatelliteEurope
268	@SayAnything_Bot
269	@ScuffleBusiness
270	@Schrodinger_Art
271	@SecretHistBot
272	@ShouldBot
273	@StoryPremiseBot
274	@SymbolsBot
275	@TSRandomised
276	@MockFrontPage
277	@MyPresidentIs
278	@SinebrychoffBot
279	@SortingBot
280	@StealthMountain
281	@SunsetGenerator
282	@TWEETS_aaS
283	@TatsIllustrated
284	@TayandYou
285	@TellMeAStoryBot
286	@TheGIFingBot
287	@TheProperLady
288	@TinyAdv
289	@TinyCrossword
290	@TinyProtests
291	@TonightWeBot
292	@TrigonometryBot
293	@Trumpgone
294	@TryNotBot
295	@TweetMe4Moji
296	@TwoHeadlines
297	@UC_Poesias_Bot
298	@UnicodeParade
299	@UnlikelyPowers
300	@UnrealBritain
301	@UtahTeabot
302	@VAMuseumBot
303	@VergleichBot
304	@VillanelleBot
305	@WNTS_Rover
306	@WikiPhotoFight
307	@WikihowDreams
308	@WikipediaBits
309	@WizardGenerator
310	@acrotowne
311	@accidental575
312	@aLonelyProject
313	@YouLookNiceBot
314	@XYZPunk
315	@adventvrecall
316	@ahouseofdust
317	@aigameadvice
318	@alinkplease
319	@allTheTyping
320	@alleverleser
321	@all_in_cards
322	@alltheminutes
323	@alltheplanets
324	@almostamends
325	@alt_text_bot
326	@anagramatron
327	@anappleadaybot
328	@andromedabot
329	@angryrichpeople
330	@anthrobotica
331	@arslongvitabrev
332	@artassignbot
333	@artbyalgo
334	@askthephoto
335	@assignments_txt
336	@astrobot3000
337	@astrove_bot
338	@auto_automata
339	@autocompleterap
340	@awkwardpolaroid
341	@bankedits
342	@benjaminbotbot
343	@betteridge_bot
344	@archillect
345	@autoarspoetica
346	@awyeabot
347	@beegenerator
348	@belongbot4000
349	@big_cases
350	@birdcallbot
351	@bloodofthemage
352	@bokehrobot
353	@bon_appetiny
354	@bot_inspiration
355	@bot_ideas
356	@bot_teleport
357	@bot_the_dickens
358	@botbaum
359	@botflora
360	@botdoesnot
361	@botilius_syrus
362	@botlovesyou
363	@botmakingart
364	@botreylo
365	@botshopecash
366	@botsmellslike
367	@bowbowoof
368	@brandnewplanet
369	@btcsupply
370	@burnedyourtweet
371	@busyadvice
372	@carlomarxbot
373	@catalog_drowsy
374	@catsnacks
375	@cdarwin
376	@ceasedesistbot
377	@cellendipity
378	@censusAmericans
379	@chernobylstatus
380	@choochoobot
381	@civ5_jobs
382	@clitoscope
383	@collationBot
384	@colorisebot
385	@colorschemez
386	@coloursbot
387	@coupletbot
388	@cryptword
389	@crystalliser
390	@culturereusebot
391	@daft_stars
392	@dailyasteri
393	@dailyglacier
394	@dailyinvaders
395	@dailyoblo
396	@dailypatent
397	@dateideasbot
398	@dealingoutdeals
399	@deathwatch_us
400	@deshumani
401	@differencebot
402	@digitisethedawn
403	@digital_henge
404	@dinosaur_finder
405	@disguisebot
406	@donald_espanol
407	@donorschamps
408	@dream_sandwich_
409	@dronestream
410	@dscovr_epic
411	@dscovrnews
412	@dungeon_junk
413	@eleanorrigbot
414	@earthin24
415	@emojiUSA
416	@emoji_haiku
417	@emocage
418	@emoji_jury
419	@emojiforecast
420	@emojipotus
421	@emojitoemoji
422	@everyailment
423	@everyarabicword
424	@everyonesai
425	@everysimile
426	@everyportland
427	@everytwitpic
428	@everywordIT
429	@everywordfr
430	@eveywilliwaw
431	@facedepot
432	@fake2pmfics
433	@famousduos
434	@fallingleafbot
435	@fewerror
436	@favibot
437	@fishyglyph
438	@fiwotd
439	@forestgen
440	@fpl_optimiser
441	@freehugbot_
442	@friendAssessor
443	@functionalemoji
444	@future_junk
445	@genderposibot
446	@gachfocal
447	@generativebot
448	@gettophilosophy
449	@gifmath
450	@gimmeapc
451	@glossatory
452	@godtributes
453	@gov2dotOH
454	@greatartbot
455	@haikuthegibson
456	@haikumurakami
457	@haiku_ebooks
458	@gutendelight
459	@happymoonbot
460	@hashfacade
461	@haveyoueverbot
462	@headsandwings
463	@hellohistorybot
464	@himawari8bot
465	@hntlbot
466	@holidaybot4000
467	@how2butt
468	@i_luv_recipes
469	@iamD05
470	@iamaslowtrain
471	@ibotsunburn
472	@everyword
473	@iederwoord
474	@ilovethisbot
475	@imgblender
476	@imgblur
477	@imgshear
478	@imgshredder
479	@inXwords
480	@infinite_scream
481	@infinitedeserts
482	@insectsbot
483	@instruction_bot
484	@intensificator
485	@invandringgarna
486	@irememberbot
487	@itsYrLuckyDay
488	@ip2location
489	@jakerunningbot
490	@joculators
491	@kaffee_reminder
492	@kaikkisanat
493	@kaleid_o_bot
494	@kramer_v_trump
495	@lettergamebot
496	@imgzoombot
497	@larynxBot
498	@kiddieridesbk
499	@licensemee
500	@likebotlove
501	@liketocontinue
502	@lovecraftmix
503	@lilly_print_bot
504	@lsystembot
505	@libraryX22
506	@lovetheseas
507	@lovebotcraft
508	@itsthisyear
509	@legitvgcheats
510	@lma___bot
511	@lycanthrobot
512	@makebotbot
513	@makeusabotagain
514	@manpagedujour
515	@markovgilmore
516	@mars_rover_pics
517	@masksandhats
518	@mass_shoot_bot
519	@mazeaday
520	@mazingbot
521	@menubot
522	@mesmerinion
523	@metalband_exe
524	@metropologeny
525	@mididittyBOT
526	@minetweeter_
527	@lovihatibot
528	@minimazesolver
529	@minuseveryone
530	@moon_rise_bot
531	@mnemosynetron
532	@moonshotbot
533	@mothgenerator
534	@mystic_cookie
535	@nailpolishbot
536	@needsref
537	@neonaziwallets
538	@nestiles
539	@neuralgae
540	@nhcbot
541	@nimibotti
542	@nixibot
543	@nmstereo
544	@notyorker
545	@nyplemoji
546	@nyt_diff
547	@oaisdujour
548	@obitbot
549	@okbabynames
550	@omg_movies
551	@omgtrashchicken
552	@on_this_day_bot
553	@one_algorithm
554	@onethingplease
555	@osspbot
556	@paintergoblin
557	@paintnames
558	@pata_amiga
559	@particlemanbot
560	paombot
561	@patchslitt
562	@patents_bot
563	@patricktwite
564	@paygap_au
565	@pentametron
566	@permitbot
567	@petitsmotifs
568	@pico8bot
569	@plaidbot
570	@playlightsout
571	@pleading_bot
572	@pls_take_breaks
573	@plzrevisit
574	@pngbot
575	@pomological
576	@porcadapalabra
577	@precure_screens
578	@proceduralart
579	@proverbsbot
580	@qrdecoder
581	@quotemakerbot
582	@randomeditation
583	@rapgamemetaphor
584	@realtimebus
585	@reyloconfused
586	@relativebot
587	@oliviataters
