1723,10years
1724,19_Joanne_87
1725,1Dniallprincess
1726,1Nicoleromany
1727,1_DErika
1728,22callum
1729,2hip4tv
1730,30SECONDSTOMARS
1731,50cent
1732,51TalkPH
1733,87TEEZY
1734,9999999KM
1735,9GAG
1736,A1_Ade
1737,aadilbut
1738,Aagan86
1739,aamir_khan
1740,aaroncarter
1741,aaronpaul_8
1742,AaronRodgers12
1743,Aashu_Salotra
1744,Abbdulla_
1745,abctyler5
1746,abhie_911
1747,abhishek_shetty
1748,Abikikime
1749,AbiNotNormal
1750,ablueslenz
1751,abzbrigrier
1752,achanchani
1753,ActuallyNPH
1754,AC_Contento7
1755,AdamAWanderer
1756,adambyrne_
1757,adamreidsmith
1758,adamrweinert
1759,AdamSchefter
1760,Adam_Loko116
1761,Addie_bo_baddie
1762,adeoressi
1763,adipta09
1764,adityacdurai
1765,adityasinghvi
1766,adorasv
1767,adoredesu
1768,Adralicious
1769,AdrianPeterson
1770,AdrienneBailon
1771,adropboxspace
1772,adubbsPNW
1773,adultmomband
1774,Advcate007
1775,AfnanAK
1776,agentTMARIS
1777,agequake
1778,AgyapasJordan
1779,AhmadWaleed4568
1780,aIexjoy
1781,aj8ness
1782,ajalaem
1783,ajayspradhan
1784,AJCertified1
1785,ajitwrites
1786,akakiyani
1787,Akemi_prof
1788,AkheemV
1789,akiraoltar
1790,akshay_khanna
1791,alanna
1792,AlaskaAmy
1793,alaskarobotics
1794,AlbertoDefa
1795,aldairbc_
1796,AlecJRoss
1797,alejandrooo_05
1798,AlexAigen
1799,alexanderhall
1800,alexmcqueent
1801,Alex_Senior1
1802,algore
1803,AliBrown
1804,aliciakeys
1805,Alilowth
1806,AlisonSudol
1807,alissvee
1808,Alivnna
1809,Aliyah_Khan1
1810,AllanFinn
1811,AlleeyyRick
1812,AllMakEvrything
1813,AllTimeLow
1814,AllyRamon_
1815,AlolanMeowth
1816,AlvarezCasandra
1817,AlvaroGarnero
1818,AlvaroKrus
1819,Alwayscharlie
1820,alyankovic
1821,Alyssa_Milano
1822,alyssa_romero12
1823,Al_FSU
1824,Al_Horford
1825,amaditalks
1826,AMadumoole
1827,Amala_ams
1828,AmandaGrace97
1829,amandamamaloco
1830,amandapalmer
1831,amberbrown2528
1832,AMCOUNTRYCNTWN
1833,amijy106
1834,Amirrozzo
1835,Amit25may
1836,amitaghose
1837,AmmeGrace
1838,amnatose
1839,amrit
1840,amscraig
1841,amyschumer
1842,am_i_sam98
1843,Anafan2
1844,anagaal
1845,AnaliseKaylee
1846,AnalSystemist
1847,anandkaran
1848,AndersFoghR
1849,andi_napitupulu
1850,andreacberry
1851,AndreaUrbanPhD
1852,ANDRESOHYES
1853,AndrewGortonWx
1854,AndrewMarlan
1855,andrewrchow
1856,AndrewYNg
1857,Andy
1858,andyinsdca
1859,AngelOdom
1860,animallyza
1861,anindya0909
1862,Anis_SGL
1863,Anjali428
1864,annerichardsDRC
1865,AnnieDuke
1866,annieepark
1867,Ann_Kimberlyyy
1868,ann_marieann
1869,ansarim
1870,antoinewilson
1871,antwon_R
1872,anupamachopra
1873,AnupamkPandey
1874,AnuraagKalluri
1875,AOdago
1876,apioth10
1877,aplusk
1878,apotropaicwhit
1879,aprctrubin
1880,apruuulx_
1881,aquieTsui
1882,AraCekyan
1883,arellanokatee
1884,arhemant
1885,ArianaGrande
1886,AriDQ
1887,arif2243
1888,aristo_clau
1889,armandotamu
1890,ArmandTweets
1891,ArmandVervaeck
1892,arrajib
1893,artconaghan
1894,arthchan2003
1895,arthur_spirling
1896,Aru_MUFC
1897,ArvindKejriwal
1898,AsherrCole
1899,AshGoesDeep
1900,ashkaul33
1901,ashleymonroe
1902,ashleyokwuosa
1903,ashleytisdale
1904,Ashleywingender
1905,asifhussain337
1906,AskarkOfficial
1907,asmarrrra
1908,asuka111
1909,asuzsy
1910,Atherworld
1911,attibalazs
1912,attnkatdaley
1913,AubreyODay
1914,Auhbell
1915,AustinAvent
1916,AustinC3
1917,austynbrooke_3
1918,AvanJogia
1919,Averie_
1920,AveryThatsMe
1921,awesamperson
1922,Awesomenezz
1923,AwesomeRalphJay
1924,awyeahadam
1925,Axelcarp230
1926,ayeshacania
1927,AYODELE7
1928,A_AlRuwaieh
1929,a_meraaa
1930,a_ojaswi
1931,BabeAtSea
1932,Baborockranch
1933,Babylonian
1934,Babysoph18
1935,baby_blake__
1936,badbanana
1937,balangchuol
1938,balof2001
1939,BanaTwal
1940,bankytoby
1941,Bann_Dot
1942,Barbie892
1943,BarRefaeli
1944,BasedYoona
1945,bbangie
1947,bclinks17
1948,bcsing29
1949,BDandG963
1950,BDubsJrII
1951,BDUTT
1952,beabeyyyy
1953,beanerrrera
1954,BeardedSchotz
1955,beatnomad
1956,Beauty_195
1957,beck
1958,Beeros75
1959,behindwoods
1960,BehzadFatmi
1961,bellofthebird
1962,belperi
1963,bena_baby
1964,BenjyRyan95
1965,benlandis
1966,BennyHarlem
1967,benparr
1968,BenVimont
1969,BenWrightATL
1970,Ben_Lavea
1971,berthastephanie
1972,bestsheilaever
1973,BethMansfield
1974,BEugeneSmith
1975,bexquilliam
1976,bhattarai_dilip
1977,Bigdaou
1978,bilalayub919
1979,bilkisulabaran
1980,bipsluvurself
1981,BirdieeHigh
1982,BishopWTBz
1983,bisping
1984,BivianaMercado
1985,BKurtB
1986,BlackDragonYong
1987,blainelsimpson
1988,BlairUnderwood
1989,blakeandrew04
1990,BlakePlock
1991,BlaneTaylor
1992,BlasainDoll__
1993,blessedcb_2
1994,bliss_tyler12
1995,BlondieOfficial
1996,blue_raven
1997,BlxckReign
1998,bmf
1999,bobburnquist
2000,boburnham
2001,BojanDizdarevic
2002,BoloBoffin
2003,BolutifeLORDson
2004,BongDabong
2005,booleanvalue
2006,boswellryan
2007,BOTLibrary
2008,bradmangin
2009,BradVowden
2010,BradyUSA
2011,BrandonVizc85
2012,brett1211
2013,brianapike
2014,BrianQWebb
2015,briansolis
2016,brianstelter
2017,brianwgmn
2018,brian_littrell
2019,Brideofrocknrol
2020,briiana_27
2021,BrijeshT
2022,britlyn_leigh
2023,britneyspears
2024,BrittProvost
2025,brockgriffin1
2026,BrotherAddison
2027,brown_sage
2028,brunoairah
2029,BryanBroaddus
2030,Bryanclayton55
2031,BryanCranston
2032,BryceSlice
2033,bsalabsky20
2034,bubbawatson
2035,Buckcherry
2036,burgos20burgos
2037,Burryan_deeaz
2038,BuzzJackson
2039,bznakz
2040,B_TheJet_A
2041,C9Robin
2042,C9Yazuki
2043,caa1000
2044,CadenceGivens
2045,CalDisasters
2046,calebthompson_
2047,callmecaroooool
2048,callmekitchen
2049,cameronbright
2050,cameronc89
2051,CamiMillerxO
2052,campjamie12
2053,CaponeRobbie
2054,CARE
2055,carinahsieh
2056,carlokristoffe
2057,CarlosZenteno
2058,Carlos_Adama
2059,carlyboros
2060,carl_brooks
2061,caroliv3
2062,CarperKatie
2063,carrieanninaba
2064,CarterWilliamss
2065,CaseyLeppo
2066,Cassie_G98
2067,Cassistrickl
2068,Castro1Jonny
2069,cast_the_rod
2070,CathJanzen
2071,ca_ifornia
2072,cbryanjones
2073,CBS6Albany
2074,ccatko
2075,ccintr01
2076,CDCemergency
2077,celinefanonline
2078,cerineity
2079,cersex
2080,ces1349
2081,cesarmillan
2082,CFaurot33
2083,cgoodwin23
2084,chancetherapper
2085,chandangoopta
2086,ChanObars
2087,ChaosSmurf
2088,charitywater
2089,charknado__
2090,CharlieDavies9
2091,CharlizeAfrica
2092,Chauncey77
2093,Chawni_
2094,Cheesegrab
2095,CheetoFinley
2096,ChelseaVogt2
2097,ChelseyBlizzard
2098,chels_brooke_15
2099,ChengsTweets
2100,cherissemoett
2101,Chikisarkar
2102,childrensatlas
2103,chin80
2104,chipwilliamsjr
2105,ChloeRaphael5
2106,ChloeWalker98
2107,choclate6969
2108,ChouhanShivraj
2109,ChozLogs
2110,chrisalbon
2111,ChrisASwartz
2112,chrisbosh
2113,chriscarter_88
2114,ChrisChanTO
2115,chriscornell
2116,ChrisGorham
2117,christianbok
2118,christianllang
2119,Christina_xox
2120,ChristineCC14
2121,christinecuenco
2122,christylynns21
2123,Chris_allen4894
2124,chris_mahan
2125,chronic
2126,chrsmi
2127,chucktodd
2128,chynnaawade
2129,CIAGillan
2130,ciara
2131,Cidoku
2132,cihpom
2133,cindybloch
2134,cindygallop
2135,cindyloughridge
2136,CityOfAng3ls__
2137,claingclaire
2138,claryjanedizon
2139,ClassicCory
2140,Clay_Fick
2141,ClemsonGus
2142,Clint_Uddenberg
2143,CLongnovels
2144,Cmdr_Hadfield
2145,cmlasa
2146,cmnses
2147,CMPunk
2148,CNBA2k14
2149,CoachDobbs33
2150,Cococircles
2151,cody_lawson7
2152,cojjeee
2153,ColeCrowder16
2154,ColeWoods8
2155,ColeyTangerina
2156,cole_rascal
2157,ColinCowherd
2158,Colincvr
2159,colleenaysha
2160,collinmathilde
2161,colonelnemo
2162,conandteresa
2163,ConanOBrien
2164,Conde_Maquina
2165,ConfusionBunny
2166,ConnieGreen
2167,Connor_Brady
2168,connor_walls8
2169,cornxaxier
2170,CoryBooker
2171,CoryTV
2172,cory_arcangel
2173,CourtneyZito
2174,CP3
2175,CPonceActual
2176,crd
2177,crescentmoon__
2178,CrescentWrench
2179,cretebhoy
2180,crgentle
2181,crimsonkitty88
2182,CrissAngel
2183,Cristiano
2184,cristieeevee
2185,cristinesteh
2186,Cronloya
2187,crystalsloneckr
2188,crystaltamar
2189,CucumberError
2190,cupcakenini
2191,cuppingmaster
2192,CuseNation10
2193,cypresshill
2194,dakotawint
2195,dalegisrael
2196,dallasleebridge
2197,Dalton_Harper_
2198,dalton_terry97
2199,DamiGordon
2200,DamonGochneaur
2201,danawhite
2202,DangeRussWilson
2203,DanicaPatrick
2204,DanielJayLogan
2205,DaniellaMonet
2206,danielm10202248
2207,danielsfresh
2208,danieltosh
2209,Daniel_Chase_
2210,dan_gentleman23
2211,daphne_dang
2212,Darren_guy8
2213,dashboardmusic
2214,davecclarke
2215,DavidCarrigg
2216,DavidGeorgieff
2217,davidgross_man
2218,davidmfoley
2219,DavidNewton
2220,DavidVolodzko
2221,david_statter
2222,DawgBelly
2223,DayObama
2224,DBodyArchitect
2225,Dbutler_5
2226,DCCOX
2227,dcl2210
2228,DC_7C03res
2229,Deadpool_ranger
2230,Deafinition
2231,deanis01
2232,debrady
2233,Decepticutie
2234,DeeJayBM
2235,DeenaHussein1
2236,deepikapadukone
2237,deepusebastian
2238,deez_nuuuttz
2239,DejiNyucu
2241,DeniceAlexis
2242,dennymui
2243,DeptVetAffairs
2244,DeRayDavis
2245,derekkira
2246,dermot100
2247,DerrenBrown
2248,desiwebbb
2249,Deusraix
2250,Devar
2251,devdasindia
2252,devduttmyth
2253,DevikaNarain
2254,dex_da_kidd_
2255,dfedman
2256,dfjsteve
2257,diamondiaha
2258,DianeMinerNYC
2259,diddy
2260,didericksen
2261,DigiDOF
2262,DigiRanger1994
2263,Dilly_Wonka
2264,dindaajanee
2265,Dindynn
2266,Dirtydeeehh
2267,DivakaranDivya
2268,DivineResults
2269,DivyaRustagi10
2270,DixitGhanshyam
2271,djcaliphoria
2272,DJCLUE
2273,DjJammo876
2274,DjKaitlin71
2275,DjokerNole
2276,DJPROSTYLE
2277,DJWhooKid
2278,DjWuchi
2279,DJ_DreSongz
2280,dk1up
2281,dkdiluvio
2282,DKM33
2283,Doll1962R
2284,dommypace5
2285,donaldnboyce
2286,donib_irakihda
2287,DonnahLauricia
2288,donnascalise
2289,donni
2290,donttrythis
2291,Don_Reuters
2292,doscareers
2293,DovahBap
2294,drakestopher
2295,DraQu_
2296,DrawingNuts
2297,dreababbyy
2298,Dready_Day
2299,DreamCatcher810
2300,drfeifei
2301,drgauravpatil
2302,drghirlanda
2303,drinkingupnyc
2304,DrJamesCDobson
2305,Drmaha_mohamed
2306,drsamuelito
2307,DrSendak
2308,drSujayShad
2309,druidDUDE
2310,drunk8gods
2311,DSI_Columbia
2312,dttransformer
2313,dudeno
2314,Dukhi_Engineer
2315,DuskyWhateva
2316,duttypaul
2317,DVZED
2318,dwallace346
2319,DWCook
2320,dwikihalla
2321,DWJensen63
2322,dylannicholson_
2323,dz
2324,EamonnMahar22
2325,earthtosage
2326,EaterNY
2327,ECatloth
2328,eddieizzard
2329,edhornick
2330,edna94
2331,Edson7Magic
2332,EHolden
2333,Ehtesham300
2334,eigenfilter
2335,Eighty7n
2336,Ejocch
2337,ekjcpa
2338,Eldarlenk2
2339,elephantbot
2340,EliasTheFinest
2341,elijahtaylane
2342,elitoo379
2343,ellen617
2344,ellen_wragge
2345,Ellie9027
2346,ellipsii
2347,ELMANKO
2348,ElNicoGalan
2349,elonmusk
2350,ElshnawayA
2351,EmeryHoodoo
2352,emilslay
2353,EmilyOsment
2354,emmadries
2355,emmasalsburyy
2356,empireofthekop
2357,EngineerAquino
2358,EngSamir7
2359,engsgp
2360,EnidBuzz
2361,Epic_Doubles
2362,ereslibre
2363,ericaconnolly
2364,EricHutchinson
2365,eriktorenberg
2366,Erik_Seidel
2367,erincovey_
2368,erindunnxo
2369,erykalim
2370,EscarolePatrol
2371,eucopresident
2372,EvanderWorland
2373,eva_recinos
2374,Eve6
2375,EveningFollies
2376,evewby
2377,EVON_OFFICIAL
2378,Ev_ly_n
2379,exploreamaze
2380,exukbritbrat
2381,EYellin
2382,EYJr
2383,e_kaspersky
2384,E_Marshall44
2385,FAASafetyBrief
2386,FaizaanAhab
2387,FakingRob
2388,Falanzii
2389,falsejoker
2390,farrukhzx
2391,fartingprincess
2392,fayannlyons
2393,FBI
2394,FCJayBird
2395,FCSanSid
2396,FCSLlightning
2397,Feeling_wright
2398,feliciaday
2399,FelipePineda_
2400,femkesvs
2401,FernanSQL
2402,fgarciasit
2403,filafresh
2404,Filmdrunk
2405,film_girl
2406,finkrishna
2407,FionaMullenCY
2408,firebellys
2409,fishtale13
2410,FishyDizzle
2411,fitzthetantrum
2412,five15design
2413,FKAFernando
2414,FlameKR
2415,FloydMayweather
2416,ForDaRatchets
2417,forehandloop
2418,ForLifePrincess
2419,forzarevilo
2420,forzeth
2421,Foxtrot44
2422,Fozu18
2423,fragnance_
2424,francescadani
2425,FrankDuarteMus
2426,frankly_watani
2427,franky_sansone
2428,franmark
2429,franwords
2430,freakyleakie_
2431,freedomlasso
2432,FreeSol
2433,freetobeBri
2434,FretboardNomad
2435,frowardten
2436,Frreshsamantha
2437,fryan
2438,fucn_chief
2439,fukapon
2440,funtanillajuno
2441,FuthumT
2442,g33kbeast
2443,Gaara823
2444,gabbileal1
2445,gabrielzamora
2446,gabster_lovee
2447,gaelbal1
2448,gaGunNarang
2449,gallinari8888
2450,GameOfThrones
2451,GarceauThomas
2452,gauravs0001
2453,GavinNewsom
2454,gavphotography
2455,geithsy
2456,GelaFridman
2457,genesimmons
2458,genieex
2459,GentsOkstate
2460,geoffnolan
2461,geoffreyamoore
2462,georgelopez
2463,Georgiak06
2464,GeorgieCoote
2465,georgieeoneil
2466,GhelaBoskovich
2467,GianicaAnne
2468,giannis
2469,giannprincesa
2470,GiasCloset
2471,GIJOE6732
2472,gilbertvsgallo
2473,gilbirmingham
2474,GillzReyes
2475,gimmethewooby
2476,Girbeagly
2477,GKamranKhan
2478,GleekHester
2479,glenda_royo
2480,Gloxina19
2481,GMBlaxton
2482,GoHeadBlockMe
2483,golfjeanne
2484,gonzoandfitch
2485,gonzzalo_
2486,goodandbadjapan
2487,gothambrewer
2488,grace21800
2489,GrahamMcNeill
2490,Grande_96
2491,grantimahara
2492,GrasslandsMusic
2494,Greenbean1973
2495,GregTay2233
2496,Greg_Yoder
2497,gretcheu
2498,greymouthjylesz
2499,grippnutz
2500,gsignoret
2501,gtbotham4eva
2502,gullevek
2503,gummatt
2504,gunt3001
2505,gurruchoudhary
2506,gussand
2507,GuthrieNewsPage
2508,guyfromsamoa
2509,GuyKawasaki
2510,GuySmiley11
2511,gyptzy
2512,H3LLoo_
2513,Haamrtime
2514,habibrkhan
2515,hackdba
2516,haileybaldwin
2517,hakns
2518,halaetademis_
2519,Haleyyy__x3
2520,HalfordMax4
2521,hamsterwatch
2522,HANAHliving
2523,HanifTheSRKian
2524,HankAzaria
2525,hannaahreneee
2526,hannahbarbsss
2527,HannahMLeone
2528,Hanna_Denea
2529,hanubuu
2530,Hapuna22
2531,hardwick
2532,HardyValkyrie
2533,Harleeeyy
2534,HarmonyRyoBlaze
2535,HarrietMurray1
2536,harrisonppr
2537,HashemFathalla
2538,hassmine
2539,hatch94
2540,Haukeye
2541,hazelannarico
2542,headwithwings
2543,heathr
2544,hehaiwu
2545,Heidi33Tigressa
2546,henrymcmaster
2547,Henry_Stradford
2548,her_nerdiness
2549,HeWhoLovesWords
2550,hexa_tech
2551,heyairy
2552,heyaptee
2553,heyitsfranklin2
2554,HeySamantha
2555,heyyitsnikkiii
2556,Hey_Mr_Owl
2557,hfwhore
2558,hharrperr
2559,HHShkMohd
2560,HiiTahaa
2561,HillaryClinton
2562,hillaryjaneee
2563,hmad9rana
2564,hmason
2565,hoIIybassett
2566,HolleyNBC5
2567,Holliecoook
2568,HollywoodDebi
2569,honorsociety
2570,HoodiePanda
2571,howardlindzon
2572,howied
2573,howiemandel
2574,hritikharsh
2575,HubBucket
2576,hubb_thomas
2577,HungryGirl
2578,hygate
2579,H_Bettsworth
2580,iamadityar
2581,IAmAnushka
2582,iamfleurette
2583,iamhector__
2584,IAmJeffEmmerson
2585,iAmLaMariposa
2586,iamnomi11
2587,IamSamOrtmann
2588,iamsana_afreen
2589,iamsrk
2590,iamtilted
2591,Iamumeshsingh
2592,IamVianAviso
2593,Iam_Peps
2594,IanLame
2595,iansomerhalder
2596,iBaqqy
2597,IBelizeit
2598,ICBCArgentina
2599,icecoldbeere
2600,IceeM123
2601,IchBinDieLizz
2602,ichtusknex
2603,ICTBiz_BRoy
2604,idahorednek_51
2605,Idont_fw_HUGH
2606,ID_AA_Carmack
2607,IfYouCEEJAY
2608,IglesiasFan305
2609,ihansika
2610,ihiteshbansal
2611,ijstokes
2612,ikamalhaasan
2613,Ilgiovanipierro
2614,ilovejuuuju
2615,im3llyn
2616,Iminwellington
2617,imlorraineperez
2618,imogenheap
2619,ImRaina
2620,ImRo45
2621,imsdk_
2622,imtheMDP
2623,imtherealcb
2624,imVkohli
2625,Im_BLindsey
2626,Im_Just_Chloe
2627,im_vanTOMS
2628,indiagosolar
2629,IndigoMoon_
2630,indykatie1955
2631,inquirerdotnet
2632,insanityIaughs
2633,intel
2634,internetofshit
2635,inthemageors
2636,ionekr
2637,iPoonampandey
2638,IsaacSteinerAK
2639,isaiahmedina4
2640,Isis_Nocturne
2641,islandgirllinda
2642,islandlatina
2643,ismellbeisbol
2644,is_sthisha
2645,itsarin3
2646,itscaitlynemily
2647,itsfreedomlayag
2648,itskendall
2649,itsmarfie
2650,itsmenathanxp
2651,ItsMinaRina
2652,ItsOnlyMemone
2653,itsslizz
2654,iurimatias
2655,ivannhoe_
2656,ivethmosquera
2657,izabellawood_
2658,i_Kohlified
2659,i_sohil
2660,J0_Mark
2661,JaaTeri
2662,JackPoowizard
2663,JackSparroww11
2664,Jack_Cunn
2665,jacquieclark12
2666,jada623
2667,JadenGilmour
2668,jafarhaand
2669,JAFJacob
2670,Jaggypie
2671,jalammar
2672,jamaicawright10
2673,jamesdunnenz
2674,jameshilltaiwan
2675,JamesJase
2676,jamesmaslow
2677,james_a_michael
2678,jamiecullum
2679,jamieleon105
2680,JanaHarkins
2681,Janeisabelle_
2682,Janina
2683,janine3582
2684,janis1978
2685,janjenjinJUNJUN
2686,jao_nathan
2687,JaredLeto
2688,jarretfurtado
2689,Jason
2690,jasonderulo
2691,JasonMC18
2692,jasonroutledge
2693,jason_rook
2694,JasperYouuu
2695,jatinkapadia
2696,javachik
2697,JayandSteve
2698,JayB00ty
2699,jaybirdsatx
2700,JayKimLaFlare
2701,Jaylen_Bruh
2702,jaysean
2703,JAYTHEGOD
2704,Jay_Rob23_
2705,JBARsodmg
2706,jBear440
2707,jblackburn43
2708,jbmazon
2709,jborrel00
2710,jcrhea
2711,JDayral
2712,Jdinesh525
2713,jdizzle_323
2714,Jea_Cassie
2715,JeffBradshaw_
2716,JeffMadsenobv
2717,JeffreeStar
2718,JeffreyDLutz
2719,jenchen94
2720,jeninthe405
2721,jenjir28
2722,jenjoliver
2723,Jennawynn
2724,jennicake
2725,jennifergould
2726,JenniferPreston
2727,jenntejada
2728,jennygzhang
2729,Jenny_Russell_
2730,jenn_aaaaay
2731,jensstoltenberg
2732,jeremypiven
2733,jerrytrainor
2734,jeslyncat
2735,JesseHeiman
2736,JessicaBelman
2737,JessicaBruckman
2738,JessicaGottlieb
2739,jessicamtz29
2740,jessicanaziri
2741,Jessicaveronica
2742,JessKurchaba
2743,JeSuisSid
2744,JetLife69_
2745,jettheband
2746,jewelclicks
2747,JGauv
2748,jheanettelouise
2749,jherbig
2750,JHertz22
2751,jhouss_
2752,Jiivanii
2753,Jilliannnn7
2754,jimbobTX
2755,JimCarrey
2756,jimjonescapo
2757,jimkchin
2758,jimmyeatworld
2759,jimmyfallon
2760,jimmygpls2
2761,JimmyHart_
2762,jimmykimmel
2763,jjAsam1612
2764,jjeezy
2765,jjhoster
2766,JJonesokc
2767,JJWatt
2768,JJ_Hernandez29
2769,JJ_Lin
2770,JKCorden
2771,jk_rowling
2772,jlaurejas
2773,jleahy18
2774,JLo
2775,jlo_azad
2776,Jmarr16_
2777,jmay11
2778,jmcmilla7797
2779,Jmendelson45
2780,jmollins
2781,JoakimAlfred
2782,JoAnna_Bauer
2783,joannesangasong
2784,JoArtiga5
2785,JoeBiden
2786,JoeCullen__
2787,JoeFernandez
2788,JoeHockey
2789,joellquintero
2790,JoeSpeeds
2791,JoeTrippi
2792,joeyallen28
2793,joeyfleszar
2794,Joe_Piedigrossi
2795,JohnBoozman
2796,JohnCena
2797,johnlegend
2798,johnnyf0x
2799,Johnnysmalls78
2800,johnpeterblink
2801,johnrampton
2802,johnwoodRTR
2803,jojoko
2804,jonathanporte19
2805,jonathanyoung97
2806,jonweiman
2807,JoolianGarcia
2808,jopausiopau
2809,jopbinuya
2810,jordan_prior
2811,JordinSparks
2812,jorge_val23
2813,joscyjauregui
2814,jose125hdez
2815,Joseguillermo
2816,Joseph_Palmer
2817,JoshTHowell
2818,joshtrenkamp
2819,josiahandthe
2820,JotGuy316
2821,Joyverse
2822,JozyAltidore
2823,JPAigen
2824,jphillipss14
2825,jpmontoya
2826,JPrior15
2827,JP_LOKSATTA
2828,JReznich
2829,JRNoblin
2830,JRumpf10
2831,JSCanibano
2832,JShammie
2833,Jsmooth575
2834,jtimberlake
2835,Juansisito
2836,Juarez_Anth
2837,JuicyJace_
2838,JuicyJ_Rob
2839,Juicy_JessieG
2840,juliaajarviss
2841,juliakaido
2842,julianobelletti
2843,julianperretta
2844,juliehdavis
2845,Julie_LGreen
2846,junecohen
2847,jungleman7
2848,JuraBaran
2849,JushanSamra
2850,juslizzie
2851,JustADL
2852,JustinDMorrow
2853,JustineOxborrow
2854,justine_jm
2855,JustinLaloGibbs
2856,JustinSaephanh
2857,JustinTimesUK
2858,JustinTrudeau
2859,jxsminecvstillo
2860,JYHRMNO
2861,jytmkh
2862,J_Menchaca
2863,J_on_R_on_Wilk
2864,K1DRAUHLHEMMO
2865,K1ngMN
2866,kaaithlene
2867,KadduKittu
2868,kaelikirkk
2869,KaiKaisBot
2870,kailie_12
2871,kaj33
2872,KAKA
2873,kakakarlalita
2874,kamiabbasi_leo
2875,KananGill
2876,Kangelynnn
2877,KapilSharmaK9
2878,kar2905
2879,karell920
2880,KarenCrow6
2881,KarimAlkhoja
2882,karismaiscool
2883,karladlaf
2884,karlavictoria
2885,karljaena
2886,KarlRove
2887,KaroBocian
2888,KarolaLocksley
2889,karstennelson_
2890,karthikavk
2891,kashifryo
2892,katevoegele
2893,kathygriffin
2894,katiadempsey
2895,KatieS
2896,katie_grover
2897,katrina_tester
2898,katyperry
2899,kaushikratul
2900,KavSook
2901,KaylaBall14
2902,KaysAndrew
2903,KayyMarie04
2904,KCaton04
2905,kcjohnson9
2906,KCucchia
2907,KDTrey5
2908,KearstynR
2909,KeatonPatti
2910,keimaycry
2911,KeiraHenninger
2912,KeithUrban
2913,KeivaSiobhan
2914,keksloo
2915,keldenl
2916,KellerSeason
2917,kellisingerxo
2918,KellyGToGo
2919,kellyurich
2920,Kelly_Conrad15
2921,Kendroid23
2922,KenJennings
2923,KenjiSugiyama
2924,kennamarie_96
2925,KennethNhol
2926,Kenny_Mayne
2927,Kentonism
2928,KenzoBerEcarma
2929,KeriHilson
2930,KeshaTedder
2931,kevindway
2932,KevinHart4real
2933,kevinrose
2934,Kevin_Seal
2935,kevvuitton_
2936,kfhall0852
2937,khadslims
2938,KhaelisEXE
2939,khaleelabba
2940,KhFaiz_Rasool
2941,khloekardashian
2942,khoi
2943,khuranaishu
2944,kianabrittany
2945,kiarabear13
2946,KidDap
2947,KimDotcom
2948,kimgenevieve
2949,KimKardashian
2950,Kim_Adams1
2951,kindacoco
2952,KindaNerdyHW
2953,KingBVergara
2954,KingJordan1993
2955,kingkassandra
2956,kingkrymer
2957,kingsthings
2958,Kingxtra
2959,king_michael48
2960,kinjealous
2961,kiramaelegista
2962,kirathanz
2963,KirkCousins8
2964,kirkmorrison
2965,kirstenhubbard
2966,kirsti_beau
2967,KishoreGSundar
2968,kjmeow
2969,kksteffany
2970,knowkenny
2971,KnowledgeAli
2972,KoanuiSue
2973,KOCOdamonlane
2974,KoopaTroopa37
2975,kordeidangerouz
2976,kraftedencheese
2977,kraichdm
2978,kramergirl
2979,krazymoonz
2980,krazywane
2981,Krewell
2982,KrisAllen
2983,KrisClarkie
2984,krisknows_
2985,KristieDecimal
2986,KristinaShannon
2987,KristinOuchi
2988,KSTAUN
2989,ktisarap
2990,ktrainblued
2991,kumkumdasgupta
2992,KUSHnBelvii
2993,kv_karthik
2994,kweenkandice
2995,kwongcolleen
2996,KylahShore
2997,KyleHinchey
2998,KyleRomer
2999,kyliebuff09
3000,kyungsoolmate
3001,LAAF
3002,ladygaga
3003,ladytecniq
3004,laedberongoy
3005,laeek91
3006,LaGrosera
3007,lakeishar31
3008,lala
3009,Lalin214
3010,lancearmstrong
3011,LanceUlanoff
3012,landsnark
3013,LarryNoble_DC
3014,LarsonTyrone
3015,larsrosenquist
3016,LastKingGomez
3017,latimesmuskal
3018,lauraliverani
3019,LauraPausini
3020,laurengeoffroy
3021,laurrkat
3022,lazarmandf
3023,lbpetersen
3024,lbrenn3
3025,Leander
3026,leannmarie27
3027,leap2drive
3028,leemcquxxn
3029,Leenasuar
3030,LeeNguyen24
3031,LeeRecioy
3032,Lefistro
3033,LeftAtLondon
3034,lenadunham
3035,LennyKravitz
3036,LeoDiCaprio
3037,leonthomas
3038,Leo_Tweets
3039,Lereza7
3040,leslieberland
3041,lessig
3042,levie
3043,liamdacey
3044,liamhulmes_
3045,liamisalvacion
3046,lianghai
3047,LienCarlo
3048,lights
3049,Lilbadass05
3050,lilbitmorgan
3051,lilfidget
3052,liliannaireen
3053,LilJon
3054,LillianSaysSo
3055,lilmissagitated
3056,lilyallen
3057,lilychumley
3058,LilyMazahery
3059,lindsz96
3060,LinusEkenstam
3061,LipComarella
3062,LiquidNewsroom
3063,lisafeist
3064,LisaMRomano
3065,litivelli_
3066,littlehoody
3067,LittleLadyCassy
3068,liveanuragdubey
3069,livestrong
3070,LivingEZ123
3071,livports6
3072,liv_fortner
3073,lizbuddie
3074,LizGillies
3075,LizHernandez
3076,llcoolj
3077,lmfbs
3078,LocalBuzzWestch
3079,logicalelegance
3080,LogicalIndians
3081,loic
3082,LonelyBob
3083,loobadomidoo
3084,lookatherton
3085,LordMinion777
3086,loribuckmajor
3087,Lorraine_Daly
3088,LostinDoss
3089,loyalandtrue86
3090,Lube_PETER
3091,lucidbluedream
3092,lucipuurrr
3093,Luckyleaff
3094,Luh_Sneed20
3095,Luigi_o_O
3096,luisgrado
3097,Luke24_
3098,Lussenpop
3099,lustrelux
3100,LuvSusieQ
3101,LynetteCenee
3102,lynnfletcherr
3103,Lyshpahh
3104,l_eolyf
3105,maaqhi_itc
3106,MaceMetcalf
3107,macjamesward
3108,Maddsteroni
3109,Madeen4
3110,madelineb18
3111,madelinesandov4
3112,Madisonward15
3113,madison_beal
3114,Maestro
3115,Maggiemelba
3116,mahajansam1
3117,MahaliaGJ
3118,Maheshbhupathi
3119,Maisie_Williams
3120,makenna_marae
3121,makerbot
3122,Malicious_Hero
3123,maltmurphy
3124,mammothmiller
3125,ManCity
3126,MandylouGraham
3127,MangoBwoy
3128,maraiza77
3129,marcialgalaxio
3130,margaretcho
3131,margeee14
3132,margielamartin
3133,MariaaRich
3134,MariaDeleon94
3135,mariamenounos
3136,Mariam_Slh
3137,Mariana_m01
3138,MariaSharapova
3139,MarielHemingway
3140,Marihunna
3141,marinalapotor
3142,mariocruz1919
3143,maritzabeverly
3144,MarkDEntwistle
3145,MarkoPavlisic
3146,markschlereth
3147,MarleeMatlin
3148,MarleneChavani1
3149,MarlonWayans
3150,marryamshams
3151,MarsCuriosity
3152,martinamcbride
3153,MartiniTortlini
3154,MaryBonoUSA
3155,maryrega47
3156,mashable
3157,MASHAgindler
3158,masonic_tweets
3159,MassGovernor
3160,mathmoreo
3161,matisyahu
3162,MattBennett
3163,mattdusk
3164,MattElyas
3165,mattgillard
3166,MatthewBerryTMR
3167,MatthewDaddona
3168,mattieolsonn
3169,Matt_Harding
3170,Matt_Kriever
3171,maumau103088
3172,MauriceEdu
3173,MaxCollinsMusic
3174,MaximVos
3175,maxkeiser
3176,mbilik_
3177,MBulteau
3178,mcflyjrmartin
3179,MCHammer
3180,mchastain81
3181,mcoyfundales
3182,mcsologuitar
3183,Mc_Driver
3184,meadowgroove
3185,MeaghanMurphyLA
3186,meenabhatia
3187,MeerTaimur
3188,megananomous
3189,MeganPuglia
3190,MegCarolan
3191,MeghanMcCain
3192,MeghanRRoss
3193,megsapatsfan12
3194,megs_meow
3195,megtoniliz
3196,megwagner
3197,meiko
3198,melindagates
3199,melisagladys03
3200,MelissaLDavey
3201,MelissaTruell
3202,mellycakeslove
3203,melruedaa
3204,mesa_mese
3205,meteresa
3206,MGeller91
3207,Mgroffenberger
3208,mhcampacbs
3209,miacoats
3210,miamicayla_
3211,Mian_Afaq
3212,michaelcrowley
3213,michaelEaster_
3214,michaelianblack
3215,MichaelSeger
3216,michamoore
3217,MichelBrewer
3218,michellebranch
3219,MichelleDBeadle
3220,mickgreenberg
3221,Mickhodgkin
3222,MiDoriHP
3223,miel
3224,mighty_mikemike
3225,miguxlc
3226,mikebarbieri2
3227,MikeBloomberg
3228,mikelcal
3229,Mike_Doughty_
3230,Mike_Rann
3231,MileyCyrus
3232,millierichxx
3233,Mimi_10393
3234,MinaMNaguib
3235,mininaforever
3236,mirrzz95
3237,MirzaSania
3238,miscastdice
3239,MishMatheus
3240,missesjello
3241,MissMegzie
3242,missmodular
3243,mitchbarwick
3244,mitchellcline
3245,MJCB_
3246,mjesusgz
3247,MJFrizzle
3248,MMRAW
3249,Mocha4Chica
3250,MoixaTechnology
3251,Momeow8
3252,MominaMustehsan
3253,MondoCowabunga
3254,MondoMatt
3255,monkatrosel
3256,morganleighh__
3257,morgant113
3258,mortreport
3259,moviesndtv
3260,mo_cherieee_xox
3261,mo_money_banks
3262,mpdubey86
3263,mrdenny
3264,MrDotzz
3265,MrGaryCooper
3266,mrgn94
3267,mrinaldesai
3268,Mrz_Diamond
3269,Mr_Mamaku
3270,MSalmanAli96
3271,MsAmbiguous
3272,msarahl
3273,mSero_
3274,MsLaurenLondon
3275,MsTaraDowdell
3276,ms_forlikay
3277,MTA
3278,Muffissness
3279,MurdderSheWrote
3280,MurderKube
3281,MurielCabrera
3282,mushsiddiqi
3283,MuslimGraffiti
3284,muzzamie
3285,mwehipeihana
3286,mwooling
3287,mydwynter
3288,myfabolouslife
3289,Mykalt45
3290,Myke311
3291,myltuazon
3292,MystiquesLOL
3293,M_Lekhi
3294,nadeem1885
3295,NancyLClay
3296,nancyodell
3297,narendramodi
3298,Narutogame_Info
3299,NASA
3300,nataliaalbert
3301,NatashaRRivera
3302,natdaylog
3303,NateDiaz209
3304,nateswellvilla
3305,NathanBenaich
3306,NathanFillion
3307,NBCF
3308,nbcwashington
3309,neilhimself
3310,neiltyson
3311,neilwestfall44
3312,NelCoetzee
3313,NelsonBoy573
3314,NelsonLaneMama
3315,nerelleque
3316,nestorflecha
3317,NeveraDought
3318,New 
3319,newlinla
3320,NewsThisSecond
3321,NickCafararo
3322,nickcarter
3323,nickdiaz209
3324,NickHexum
3325,nickicomments
3326,nickjonas
3327,nickkatzz
3328,NickKristof
3329,NickyP______
3330,Nicolas08ME
3331,NicoleCallera
3332,Nicole_Murphy
3333,NicSeeWai
3334,nic_thebrit
3335,NiggaNamdChoppa
3336,ninalakhani
3337,nine9ths
3338,ninefortyfive
3339,nineonesickness
3340,ningthibiRK
3341,nirajcyber27
3342,nirdosa
3343,nivedita_Him
3344,NMCasinto
3345,noah__clark
3346,NoBeeetch
3347,nocturnalhoney
3348,nolan_smith3
3349,Nomzy_M
3350,nosnaheislehc
3351,notanybunny
3352,notquitefrodo
3353,NSaina
3355,nura_audi
3356,nur_ullahnur
3357,nvidia
3358,NWhinston
3359,nxtey
3360,nycacre
3361,NYCFC
3362,nytimes
3363,NYUADstartAD
3364,NYUWasserman
3365,NYU_OGS
3366,o2bOval
3367,oaklandamerican
3368,OaktownMojo
3369,Obscurica
3370,octavianasr
3371,Octavia_Agnes
3372,odd_myles23
3373,OfficialSisQo
3374,OffTheHookOKC
3375,ohmytriciaaa
3376,ohpolkadot
3377,okayterrific
3378,OmarSaeedZaki
3379,Omar_Sam15
3380,omidkordestani
3381,OmneyaDessouky
3382,ondinemonet
3383,onlinepresent
3384,OnTheJumbotron
3385,oonaugh29
3386,operationsmile
3387,Oprah
3388,orebob1
3389,Orenets
3390,OroraBorealis
3391,orphean_warbler
3392,Osos4aReason
3393,otod
3394,otomihsi
3395,ounwcm
3396,oviaf
3397,OvileeMay
3398,ovoxo_nicole
3399,paaamcastillo
3400,PabluesClues
3401,paigehannnah
3402,palashmustafiz
3403,palo_jesse
3404,Pamela_Brunson
3405,pandazel
3406,paoloangelocf
3407,paparoach
3408,paqman13
3409,ParineetiChopra
3410,ParisHilton
3411,parislemon
3412,ParkeyPark
3413,PatrickBGall
3414,PatrickLuzadas
3415,Patri_Killjoy
3416,Paula_Deen
3417,paulgailey
3418,paulinhohopp
3419,paulocoelho
3420,paulurmston
3421,PAULVANDYK
3422,PawanKalyan
3423,Payo
3424,paytenstewart1
3425,pbsujil
3426,PCGJan
3427,pdlight
3428,PearlJam
3429,Peeps_86
3430,PeeTreecia
3431,peeyushcray
3432,peh_tree_yanna
3433,Pelonito_
3434,pennykittle
3435,pentametron
3436,PepeAguilar
3437,perdy_odd
3438,PerkinsEastman
3439,PeterHamby
3440,peterlevels
3441,petewentz
3442,peyto25
3443,pheonixnea
3444,Phillyfreezer
3445,phil_hellmuth
3446,Phoebus_Ji
3447,photisss
3448,photosteiney
3449,PH_film
3450,picasa2
3451,Pilotwife0360
3452,Pinekatz
3453,Pink
3454,Pinoykritiko
3455,PiyushGoyal
3456,plazaportland
3457,PleasureEllis
3458,pletch_ar
3459,pnut
3460,Pobelter
3461,Podaaaanga
3463,Poeticlucky
3464,PokemonGo100IV
3465,pokimanelol
3466,poljiology
3467,Pooks_5
3468,Poormojo
3469,POTUS
3470,PrabhuChawla
3471,Pragmatic_Girl_
3472,preciousa1993
3473,prettynaiad
3474,Print365ie
3475,pritybaleja
3476,priyankachopra
3477,Professor_Xzavr
3478,ProjectSeagrass
3479,prozdkp
3480,pscb102
3481,PSOE
3482,Puuchan_13
3483,PVasiljevic
3484,p_newlife
3485,Qisshes
3486,qubyte
3487,QueenReyes18
3488,QueensNRI
3489,questlove
3490,QuincyDJones
3491,Raaghnie
3492,raahulworld2009
3493,Rabbitmon
3494,rabovitz
3495,RachelCasanta
3496,rachelfberry
3497,radlilrae
3498,RaeRear
3499,RaesTheYouthBar
3500,RafaelNadal
3501,RagovinVentures
3502,raifamabilangan
3503,rai_rooplal4
3504,RajatTheKhiladi
3505,Rajini_rao63
3506,rameshchitor
3507,RancidPotato
3508,randhindi
3509,randizuckerberg
3510,RandyS0725
3511,ranjit
3512,rapabinal
3513,rappler
3514,RapSheet
3515,Raul_SVUV
3516,ravens6576
3517,RawAsh93
3518,rbvaughan
3519,Readygov
3520,Real001
3521,realDennisLynch
3522,RealDMitchell
3523,realDonaldTrump
3524,realdrewhaughey
3525,RealHughJackman
3526,RealJamesMc1960
3527,Realjobandz
3528,realmadrid
3529,rebeccacarver29
3530,rebeccahiscott
3531,RecorXXII
3532,RED
3533,RedHourBen
3534,Refugees
3535,ReggieBush
3536,ReggieEvans30
3537,RelacionAbigail
3538,remedyljp
3539,remino
3540,reneciapappi
3541,Reneg23_
3542,renniem69
3543,RepGusBilirakis
3544,RepKevinBrady
3545,resargento
3546,Residente
3547,RevCindyLee
3548,reveilledomingo
3549,RevRunWisdom
3550,rggoldie
3551,rhernandezcatta
3552,RhiannonSL
3553,richard1826
3554,richeisen
3555,RichyHME
3556,RickyIKian
3557,rihanna
3558,rikardsteiber
3559,rileymendel
3560,RilleraMichaela
3561,rinrin1513
3562,RiotJaredan
3563,RiskyBusinessMB
3564,RKPriestley
3565,RM_Foundation
3566,robbierogers
3567,robbiewilliams
3568,robertoesfreaky
3569,RobertVinluan
3570,robkardashian
3571,robledorodrigo8
3572,rochelle_ejacob
3573,RochieeChance
3574,rockiesworld
3575,RODRIGOMARINP
3576,rogerfederer
3577,Roiibert_
3578,rojo_nina
3579,roligaurvashist
3580,ronaloves
3581,RonamieP
3582,RoomtoRead
3583,Roothlus
3584,Rose_Bud_Doll
3585,RosyRockstar
3586,Roxaayyyyyy
3587,RoyBlunt
3588,RoyRy_
3589,RozWolfPR
3590,rquintini
3591,rrr_yaga
3592,Rub_Her_Toe
3593,rudypictures
3594,RunningManTown
3595,Russel510
3596,rutenbert
3597,RuvalcabaFelipe
3598,ruw2117
3599,ryandsparks
3600,RyanPierce95
3601,RyanSeacrest
3602,ryanstenhouse
3603,RyleeVargas
3604,R_Cain02
3605,R_Khanna
3606,s0nicfreak
3607,saadahnoh
3608,sachin_rt
3609,SachkiaBarnes
3610,safiyyahn
3611,sagarcasm
3612,SailorParson
3613,sakayumi
3614,salbulonee
3615,Saliva
3616,Sallamania
3617,SallyMcGowan
3618,SalvadorYah
3619,SamiiEli
3620,Samit
3621,SamKades
3622,SammieAlways
3623,sammyflynn
3624,SamThomas_169
3625,sandalwood02
3626,sandeekim
3627,sandraorsandra
3628,sanghamitrakabi
3629,SanjaSkipy
3630,SantistevanRyan
3631,saquus
3632,SaraBareilles
3633,saraevansmusic
3634,SarahBrownUK
3635,sarahclarkehk
3636,SarahEndressMe
3637,sarahfriedland
3638,SarahMDugan
3639,sarahmezaa
3640,SarahPalinUSA
3641,Sarah_Pereyra
3642,sarah_shewell
3643,sarakipin
3644,saramafzal
3645,SaraRoMenen
3646,sardesairajdeep 
3647,Saruswathi12
3648,SasssyCasssie
3649,SatoshiLite
3650,saveayear
3651,SavedYouAClick
3652,sbnshahid
3653,scepticemia
3654,schmidtyamie
3655,Schofe
3656,Schoolboy_Skum
3657,schoolgeorgeq
3658,SciTechRangers
3659,scottastevenson
3660,ScottFenton01
3661,scottkilleen
3662,scottmcnealy
3663,ScottStapp
3664,scottyj509
3665,scottzabielski
3666,scott_bot
3667,scott_Morgan10
3668,SDhawan25
3669,sdxtech
3670,seamanisc00l
3671,seanhannity
3672,SeanKingston
3673,SeanSingletary
3674,SebastianThrun
3675,seboliver1
3676,seelites
3677,selcukyilm4z
3678,selfherynx
3679,SelMissPickles
3680,senhorstephan
3681,SenyaLisette
3682,serafinowicz
3683,serenawilliams
3684,SergioCoelho13
3685,SergioEspinalM
3686,serinide
3687,SetagayaGirl
3688,Setenzas
3689,sextimelouis
3690,SexVegeta
3691,shahidkapoor
3692,Shaieyow
3693,shanetkirby
3694,ShaneWallCTO
3695,ShannonCurtis
3696,shannonleetweed
3697,SHAQ
3698,Shardai__
3699,Sharonfeder
3700,SharonInCT
3701,ShashiTharoor
3702,ShaunPhillips95
3703,shauryagulati
3704,shawnieora
3705,Shay1990
3706,shchen
3707,SheffMuslimComm
3708,sheiskarizza
3709,shelbyykeith
3710,Shellbe410berry
3711,ShelleyWebbCSO
3712,ShelleyWebbRN
3713,shenalifernando
3714,SherrylMason
3715,Shinedown
3716,SHllNEE
3717,shortfailure
3718,shrinivassg
3719,shrutihaasan
3720,shse69
3721,shuvankr
3722,shwayze
3723,Sia
3724,sidranasir1
3725,sierrahardie_
3726,sijisoares
3727,silentcharina
3728,SimonLong_
3729,simonpolrot
3730,SimplxeSierra
3731,SimplyAJ10
3732,SimsOCallaghan
3733,sintillaGAMES
3734,siovhanshow
3735,SirKate
3736,Sir_RV
3737,Sjoy88
3738,sjplep
3739,skibluemountain
3740,SkillzVa
3741,skinnehoes
3742,sknycrackhead
3743,skyyyugh
3744,Sledger_Don
3745,slexander_coys
3746,Slim_Carey
3747,SLRPhillips
3748,sluarca
3749,SlumberlandRecs
3750,SmanginitRyan
3751,smarbusinesss
3752,SMignolet
3753,Smith6Lane
3754,smithtrey98
3755,Smoking_Sadhu
3756,smooochieT
3757,smoor_what
3758,smritiirani
3759,Smsteph6
3760,SnappyKyle
3761,SnoCoke_KtW
3762,SnoopDogg
3763,Snowden
3764,SoCalErix
3765,SoCassandra
3766,Social_Chef
3767,sofialozano_
3768,sohelr50
3769,solangeknowles
3770,sol_989
3771,sonjanz
3772,Son_of_Darren
3773,sophieraebuck
3774,SophieT
3775,SouleFacts
3776,souljaboy
3777,souljaian
3778,sprawesh
3779,SrBachchan
3780,sringsmuth
3781,ssdai
3782,stacymartinet
3783,StacySews
3784,StacyV200
3785,Stanford
3786,stardotgeek
3787,stargazing
3788,StarinaJohnson
3789,StateDept
3790,steneliee
3791,stephanjenkins
3792,StephenAmell
3793,StephenAtHome
3794,stephenatl
3795,StephenColletti
3796,stephenfry
3797,stevebosstin
3798,SteveCase
3799,stevejang
3800,SteveMartinToGo
3801,SteveOvisioN
3802,stevewoz
3803,steve_gunns
3804,steviearmani
3805,stewartbrand
3806,StewartLittle59
3807,sticker_happy
3808,stoneymonster
3809,storyparkgirl
3810,Str8outdaforest
3811,stradlemonkey
3812,StrandJonatan
3813,stripperkim
3814,Stroke9
3815,stronginmyfaith
3816,stuholden
3817,stunnin_steve82
3818,Styla73
3819,st_vincent
3820,subaash_91
3821,SubhasMalik
3822,Sub_Strata
3823,suck_my_ash_
3824,Sudipta_Rupu
3825,SugarcultMarko
3826,sukiebearz
3827,sull
3828,sundarpichai
3829,sunnyTGOD
3830,sunqjonglee
3831,sup3r_m3xican66
3832,supadupatroopa
3833,superblack_
3834,superboy8500
3835,superdaniela
3836,superrnaturalfa
3837,SuperSRKian
3838,suryad26
3839,SusanSpurgeon1
3840,susan_temple
3841,SushmaSwaraj
3842,suznance
3843,svgeesus
3844,SWXLindsayJoy
3845,SyedGerdezi
3846,s_shariqu
3847,s_vakarchuk
3848,TakeoSpikes51
3849,taliagaraffa_
3850,talia_cruz23
3851,tamponluke
3852,TaniaNZ
3853,TanmayShekhawat
3854,tanyamoodie
3855,tatyeahnah
3856,Tavets
3857,taychilders
3858,TaylorMarieHill
3859,taylornewman73
3860,tbrady14
3861,tcuwags
3862,TeacupWoozy
3863,TeamLou23
3864,Tea_Muaiava
3865,TechCrunch
3866,TechnicallyRon
3867,teefeedee
3868,terence_nip
3869,Teri_Newman
3870,terrellowens
3871,terrenceKC
3872,terrygannon83
3873,TexDolly
3874,Thaa_Third
3875,ThatRacingBitch
3876,That_KidMiguel
3877,theabbyset
3878,THEAdamVickery
3879,TheAhmedRaafat
3880,TheAnkitDalal
3881,thearvindswami
3882,theauragirl
3883,thebeatles
3884,TheBlueEyedSon
3885,thebridgebk
3886,theCake
3887,thecoppergirl
3888,TheDemocrats
3889,TheDuckette_
3890,TheEllenShow
3891,TheFullerTron
3892,thegreatmattsby
3893,TheJamesMalik
3894,theJimiChanga
3895,TheJohnAbraham
3896,thejohnnynemo
3897,thekillers
3898,TheKingIsh_
3899,thelibotero
3900,thelittleidiot
3901,TheMeanFatGuy
3902,themichellewie
3903,TheMikeymikeXO
3904,themoonunitHQ
3905,TheMrJuanBrown
3906,TheMuffinMan_07
3907,theneelix
3908,TheNotoriousMMA
3909,TheQueenRatch
3910,TheRashooAwan
3911,TheRealLeandros
3912,TherealTaraji
3913,theresafan19
3914,theresap345
3915,therizvigreat
3916,theroser
3917,TheRubenMunoz
3918,thesamreynolds
3919,thescript
3920,thesweetmystery
3921,thetanmay
3922,thetrickisto
3923,theuniqueraj
3924,theurparanoid
3925,TheViewFromLL2
3926,theweathermaann
3927,TheZenPuppy
3928,the_underquoted
3929,ThihOliveira
3930,thisiscowross
3931,thisismetis
3932,Thomas_MJM
3933,ThreePatchCocoa
3934,TiaCarrere
3935,TiahnaEra
3936,TichaPenicheiro
3937,TickleMyTwitt3r
3938,Tiiiaarraa
3939,Tikorangi
3940,timberners_lee
3941,timblake1978
3942,TimeTantay
3943,timmthelen
3944,timoreilly
3945,TimWestwood
3946,tim_cook
3947,titoelbambino98
3948,Tivon
3949,tjs2227
3950,tKevong
3951,Tmigl21
3952,tnicolezavala
3953,Tobias_Fate
3954,toddbarry
3955,ToddBrunson
3956,ToddCollins1984
3957,tombg18
3958,tomgreenlive
3959,tonibraxton
3960,TonyBesson
3961,TonyFergusonXT
3962,TonyLanderos75
3963,TonySchembre
3964,TonyWasHere___
3965,toonybaaby
3966,toppjj
3967,ToriGlass
3968,tori_borgna
3969,TorontoRBOT
3970,TPAIN
3971,Trae_Anderson
3972,trailrunnerx
3973,TrainerBlue_bot
3974,Trapdollazmanny
3975,TravelGov
3976,TravieMcCoy
3977,TreeBeerd
3978,TrillButterfly
3979,Trill_Life214
3980,trinielf
3981,TriniJax
3982,tristansilva_
3983,triston_rich
3984,Tron1993
3985,tropakristelle
3986,TroyHammo
3987,TroySamlalsingh
3988,Trueman58
3989,Tuesday_lol
3990,Tuniiang
3991,TURBO_VIRGIN_01
3992,TutuskiBot
3993,TweetingTrace
3994,TWooodley
3995,TwoTwoAlys
3996,TWWiFi
3997,txlibrarylady
3998,TxPRGirl
3999,TyeDizz92
4000,typesfast
4001,typicalgirlname
4002,Tyrese
4003,tzeeck
4004,ucantsitwithus1
4005,uglysamoan_
4006,ulat_bulu_bulu
4007,umaAPAOsapogi
4008,UmairSQureshi
4009,UN
4010,UnatiBunny
4011,UncleRUSH
4012,Uncle_Music
4013,Unibrownn
4014,UniqueDima
4015,UpAndHighRaj
4016,urbanweed
4017,urfavorite3304
4018,urstrulyMahesh
4019,Usama_says
4020,usmoi
4021,v1ck_mendoza
4022,valeerrie_
4023,VampHostile
4024,vanessa_galvan_
4025,vangief
4026,veencarlos
4027,Venry
4028,verafide
4029,VeraGeBa
4030,VerneTroyer
4031,VeroniKaWidger
4032,VerticalHorizon
4033,VictorB123
4034,VictoriaCoren
4035,VictoriasSecret
4036,VikasKalantri
4037,Villatoroooo
4038,VinceGreen53
4039,VintageReader
4040,VishalJhawar
4041,visu_bio
4042,VitalikButerin
4043,vitorbelfort
4044,vkhosla
4045,Vleeties
4046,vminizer
4047,vranac
4048,walkoff2
4049,Wandame_
4050,wanderfukt
4051,Waq_Ar
4052,warfried
4053,WarrenSapp
4054,WaSsUp_UcE
4055,WatOno
4056,Waxmice
4057,WeAintFriends8
4058,WeAreTheUsed
4059,Weezer
4060,WeezhOG
4061,WellsSiena
4062,Wendelllacerda
4063,wendyaveli
4064,White_Versace
4065,WildUPbeat
4066,will1essard
4067,williambanzai7
4068,willianborges88
4069,williecolon
4070,Wils_Lfc
4071,winegalLynne
4072,wingoz
4073,Winornera
4074,wiscgirlindc
4075,wisedollar
4076,wishrajpoot
4077,wizkhalifa
4078,wmbeer
4079,Wombatfinance
4080,WonderboyMMA
4081,WorldSummitAI
4082,WriterMJLee
4083,wromany
4084,wsrgo
4085,wurdlife_
4086,wyguymom
4087,wynnboy2
4088,xaloapx
4089,XBeyondThatBang
4090,xBlack_white_x
4091,xenanimous
4092,xhckr
4093,XinJeisan
4094,xmysamex
4095,xNaStRaDaMuS
4096,xoayeli
4097,xomayaa__
4098,xonecole
4099,xpavlovx
4100,xpeanutgalleryx
4101,xSeraiahx
4102,XTINA_LEA
4103,xXScreamKiwiXx
4104,yaaaminchy
4105,yamineftis
4106,YankeeSource
4107,yanni_stark
4108,yapech
4109,yashrajbhalerao
4110,yasirdil_
4111,yayitsrob
4112,YazyFizzle
4113,YbarraRJ
4114,ybhughes16
4115,yeahthatsk
4116,yeezusmilitia
4118,yifany
4119,yogimommi
4120,yogurtmei1989
4121,yoitsanal
4122,yokoono
4123,yorkstblues
4124,younggup
4125,youngsinick
4126,youpaynow
4127,yummertime
4128,yunhoppar
4129,Yup_Its_Brandon
4130,YuuhhMatt
4131,yvanlimson
4132,Yxhzmen
4133,zacaj_
4134,ZackCondon24
4135,zacpell
4136,Zahirah_Pink
4137,zarryftstars
4138,ZDavi
4139,zeeshan_haque
4140,ZJWhelan_17
4141,Zmezzo412
4142,Zoinator
4143,ZSGhost
4144,zubairniaziPTI
4145,Zulaaikha
4146,zveljka
4147,_alphabetboy
4148,_Amirahh
4149,_AsiaRenee
4150,_bastawros_
4151,_Blake_Ayub
4152,_BSmoov_
4153,_Emilky_
4154,_emykay
4155,_GatitaJazz
4156,_Glendathegood
4157,_gracieeee__
4158,_gwenniebee_
4159,_hdh95
4160,_ImColdHearted_
4161,_jaaayee_
4162,_jonaldo7
4163,_jrodr
4164,_KingDevin25
4165,_KnoDIS
4166,_kyliejane
4167,_laureldaniel
4168,_liquidpyro
4169,_mfknjaysha
4170,_namicakes
4171,_OfficialSatan
4172,_OnThatSTRONG
4173,_persillaaa
4174,_RickyBindra
4175,_RyanIngram
4176,_SamanthaDean
4177,_SAMPS0N
4178,_urbb
4179,_wildeyes_
4180,__maarrryyy
4181,__queenmo
4182,__sarahknox
4183,__Sierraaaaaa
4184,_____kay__
